codec,k,n,trace,assemblies,seed,schedule,gap_ms,arrivals,rank,valid,matrix_ms,encode_ms,root_ms,proof_ms,elimination_ms,backsub_ms,reencode_root_ms,elimination_before_last_ms,tail_ms,completion_ms,array_storage_bound_bytes,process_peak_rss_kib,warmup
rs16,8,10,systematic,1,100,batch,0,8,8,1,0.008015,0.733926,1.68771,0.638268,0.010099,0.000301,1.35439,0,2.00306,2.00306,2883872,23824,1
rs16,8,10,systematic,1,100,batch,0.1,8,8,1,0.008015,0.733926,1.68771,0.638268,0.010099,0.000301,1.35439,0,1.44448,2.14448,2883872,23824,1
rs16,8,10,systematic,1,100,batch,1,8,8,1,0.008015,0.733926,1.68771,0.638268,0.010099,0.000301,1.35439,0,1.44448,8.44448,2883872,23824,1
rs16,8,10,systematic,1,100,online,0,8,8,1,0.008015,0.733926,1.68771,0.638268,0.010099,0.000301,1.35439,0,2.00306,2.00306,2883872,23824,1
rs16,8,10,systematic,1,100,online,0.1,8,8,1,0.008015,0.733926,1.68771,0.638268,0.010099,0.000301,1.35439,0.008927,1.43555,2.13555,2883872,23824,1
rs16,8,10,systematic,1,100,online,1,8,8,1,0.008015,0.733926,1.68771,0.638268,0.010099,0.000301,1.35439,0.008927,1.43555,8.43555,2883872,23824,1
rs16,8,10,systematic,1,100,online_eager,0,8,8,1,0.008015,0.733926,1.68771,0.597029,0.010081,6.1e-05,1.29874,0,1.90591,1.90591,2883872,23824,1
rs16,8,10,systematic,1,100,online_eager,0.1,8,8,1,0.008015,0.733926,1.68771,0.597029,0.010081,6.1e-05,1.29874,0.008849,1.37508,2.07508,2883872,23824,1
rs16,8,10,systematic,1,100,online_eager,1,8,8,1,0.008015,0.733926,1.68771,0.597029,0.010081,6.1e-05,1.29874,0.008849,1.37508,8.37508,2883872,23824,1
rs16,8,10,systematic,1,101,batch,0,8,8,1,0.006061,0.529854,0.622127,0.584237,0.01052,0.000191,1.29445,0,1.8894,1.8894,2883872,23824,0
rs16,8,10,systematic,1,101,batch,0.1,8,8,1,0.006061,0.529854,0.622127,0.584237,0.01052,0.000191,1.29445,0,1.38453,2.08453,2883872,23824,0
rs16,8,10,systematic,1,101,batch,1,8,8,1,0.006061,0.529854,0.622127,0.584237,0.01052,0.000191,1.29445,0,1.38453,8.38453,2883872,23824,0
rs16,8,10,systematic,1,101,online,0,8,8,1,0.006061,0.529854,0.622127,0.584237,0.01052,0.000191,1.29445,0,1.8894,1.8894,2883872,23824,0
rs16,8,10,systematic,1,101,online,0.1,8,8,1,0.006061,0.529854,0.622127,0.584237,0.01052,0.000191,1.29445,0.009408,1.37512,2.07512,2883872,23824,0
rs16,8,10,systematic,1,101,online,1,8,8,1,0.006061,0.529854,0.622127,0.584237,0.01052,0.000191,1.29445,0.009408,1.37512,8.37512,2883872,23824,0
rs16,8,10,systematic,1,101,online_eager,0,8,8,1,0.006061,0.529854,0.622127,0.584557,0.009378,5e-05,1.29544,0,1.88943,1.88943,2883872,23824,0
rs16,8,10,systematic,1,101,online_eager,0.1,8,8,1,0.006061,0.529854,0.622127,0.584557,0.009378,5e-05,1.29544,0.008205,1.37392,2.07392,2883872,23824,0
rs16,8,10,systematic,1,101,online_eager,1,8,8,1,0.006061,0.529854,0.622127,0.584557,0.009378,5e-05,1.29544,0.008205,1.37392,8.37392,2883872,23824,0
rs16,8,10,systematic,1,102,batch,0,8,8,1,0.013485,0.371738,0.308609,0.326562,0.00499,0.00014,0.700585,0,1.03228,1.03228,2883872,23824,0
rs16,8,10,systematic,1,102,batch,0.1,8,8,1,0.013485,0.371738,0.308609,0.326562,0.00499,0.00014,0.700585,0,0.744538,1.44454,2883872,23824,0
rs16,8,10,systematic,1,102,batch,1,8,8,1,0.013485,0.371738,0.308609,0.326562,0.00499,0.00014,0.700585,0,0.744538,7.74454,2883872,23824,0
rs16,8,10,systematic,1,102,online,0,8,8,1,0.013485,0.371738,0.308609,0.326562,0.00499,0.00014,0.700585,0,1.03228,1.03228,2883872,23824,0
rs16,8,10,systematic,1,102,online,0.1,8,8,1,0.013485,0.371738,0.308609,0.326562,0.00499,0.00014,0.700585,0.004449,0.740089,1.44009,2883872,23824,0
rs16,8,10,systematic,1,102,online,1,8,8,1,0.013485,0.371738,0.308609,0.326562,0.00499,0.00014,0.700585,0.004449,0.740089,7.74009,2883872,23824,0
rs16,8,10,systematic,1,102,online_eager,0,8,8,1,0.013485,0.371738,0.308609,0.315721,0.006262,3e-05,0.691327,0,1.01334,1.01334,2883872,23824,0
rs16,8,10,systematic,1,102,online_eager,0.1,8,8,1,0.013485,0.371738,0.308609,0.315721,0.006262,3e-05,0.691327,0.005671,0.73055,1.43055,2883872,23824,0
rs16,8,10,systematic,1,102,online_eager,1,8,8,1,0.013485,0.371738,0.308609,0.315721,0.006262,3e-05,0.691327,0.005671,0.73055,7.73055,2883872,23824,0
rs16,8,10,systematic,1,103,batch,0,8,8,1,0.003727,0.25562,0.290675,0.283583,0.005531,0.00014,0.63431,0,0.923564,0.923564,2883872,23824,0
rs16,8,10,systematic,1,103,batch,0.1,8,8,1,0.003727,0.25562,0.290675,0.283583,0.005531,0.00014,0.63431,0,0.675889,1.37589,2883872,23824,0
rs16,8,10,systematic,1,103,batch,1,8,8,1,0.003727,0.25562,0.290675,0.283583,0.005531,0.00014,0.63431,0,0.675889,7.67589,2883872,23824,0
rs16,8,10,systematic,1,103,online,0,8,8,1,0.003727,0.25562,0.290675,0.283583,0.005531,0.00014,0.63431,0,0.923564,0.923564,2883872,23824,0
rs16,8,10,systematic,1,103,online,0.1,8,8,1,0.003727,0.25562,0.290675,0.283583,0.005531,0.00014,0.63431,0.00489,0.670999,1.371,2883872,23824,0
rs16,8,10,systematic,1,103,online,1,8,8,1,0.003727,0.25562,0.290675,0.283583,0.005531,0.00014,0.63431,0.00489,0.670999,7.671,2883872,23824,0
rs16,8,10,systematic,1,103,online_eager,0,8,8,1,0.003727,0.25562,0.290675,0.278053,0.004648,2e-05,0.61294,0,0.895661,0.895661,2883872,23824,0
rs16,8,10,systematic,1,103,online_eager,0.1,8,8,1,0.003727,0.25562,0.290675,0.278053,0.004648,2e-05,0.61294,0.004067,0.651653,1.35165,2883872,23824,0
rs16,8,10,systematic,1,103,online_eager,1,8,8,1,0.003727,0.25562,0.290675,0.278053,0.004648,2e-05,0.61294,0.004067,0.651653,7.65165,2883872,23824,0
rlnc16,8,10,systematic,1,100,batch,0,8,8,1,0.003116,0.697829,1.7383,0.645932,0.012171,0.00032,1.36378,0,2.0222,2.0222,2883872,24016,1
rlnc16,8,10,systematic,1,100,batch,0.1,8,8,1,0.003116,0.697829,1.7383,0.645932,0.012171,0.00032,1.36378,0,1.4637,2.1637,2883872,24016,1
rlnc16,8,10,systematic,1,100,batch,1,8,8,1,0.003116,0.697829,1.7383,0.645932,0.012171,0.00032,1.36378,0,1.4637,8.4637,2883872,24016,1
rlnc16,8,10,systematic,1,100,online,0,8,8,1,0.003116,0.697829,1.7383,0.645932,0.012171,0.00032,1.36378,0,2.0222,2.0222,2883872,24016,1
rlnc16,8,10,systematic,1,100,online,0.1,8,8,1,0.003116,0.697829,1.7383,0.645932,0.012171,0.00032,1.36378,0.010718,1.45299,2.15299,2883872,24016,1
rlnc16,8,10,systematic,1,100,online,1,8,8,1,0.003116,0.697829,1.7383,0.645932,0.012171,0.00032,1.36378,0.010718,1.45299,8.45299,2883872,24016,1
rlnc16,8,10,systematic,1,100,online_eager,0,8,8,1,0.003116,0.697829,1.7383,0.588023,0.012243,7e-05,1.31103,0,1.91137,1.91137,2883872,24016,1
rlnc16,8,10,systematic,1,100,online_eager,0.1,8,8,1,0.003116,0.697829,1.7383,0.588023,0.012243,7e-05,1.31103,0.01078,1.38778,2.08778,2883872,24016,1
rlnc16,8,10,systematic,1,100,online_eager,1,8,8,1,0.003116,0.697829,1.7383,0.588023,0.012243,7e-05,1.31103,0.01078,1.38778,8.38778,2883872,24016,1
rlnc16,8,10,systematic,1,101,batch,0,8,8,1,0.001533,0.536707,0.618109,0.60251,0.01151,0.00018,1.29837,0,1.91257,1.91257,2883872,24016,0
rlnc16,8,10,systematic,1,101,batch,0.1,8,8,1,0.001533,0.536707,0.618109,0.60251,0.01151,0.00018,1.29837,0,1.38312,2.08312,2883872,24016,0
rlnc16,8,10,systematic,1,101,batch,1,8,8,1,0.001533,0.536707,0.618109,0.60251,0.01151,0.00018,1.29837,0,1.38312,8.38312,2883872,24016,0
rlnc16,8,10,systematic,1,101,online,0,8,8,1,0.001533,0.536707,0.618109,0.60251,0.01151,0.00018,1.29837,0,1.91257,1.91257,2883872,24016,0
rlnc16,8,10,systematic,1,101,online,0.1,8,8,1,0.001533,0.536707,0.618109,0.60251,0.01151,0.00018,1.29837,0.010148,1.37297,2.07298,2883872,24016,0
rlnc16,8,10,systematic,1,101,online,1,8,8,1,0.001533,0.536707,0.618109,0.60251,0.01151,0.00018,1.29837,0.010148,1.37298,8.37298,2883872,24016,0
rlnc16,8,10,systematic,1,101,online_eager,0,8,8,1,0.001533,0.536707,0.618109,0.595267,0.011461,4e-05,1.30152,0,1.90829,1.90829,2883872,24016,0
rlnc16,8,10,systematic,1,101,online_eager,0.1,8,8,1,0.001533,0.536707,0.618109,0.595267,0.011461,4e-05,1.30152,0.010059,1.37595,2.07595,2883872,24016,0
rlnc16,8,10,systematic,1,101,online_eager,1,8,8,1,0.001533,0.536707,0.618109,0.595267,0.011461,4e-05,1.30152,0.010059,1.37595,8.37595,2883872,24016,0
rlnc16,8,10,systematic,1,102,batch,0,8,8,1,0.001393,0.540183,0.624061,0.62823,0.017482,0.000301,0.975089,0,1.6211,1.6211,2883872,24016,0
rlnc16,8,10,systematic,1,102,batch,0.1,8,8,1,0.001393,0.540183,0.624061,0.62823,0.017482,0.000301,0.975089,0,1.1027,1.8027,2883872,24016,0
rlnc16,8,10,systematic,1,102,batch,1,8,8,1,0.001393,0.540183,0.624061,0.62823,0.017482,0.000301,0.975089,0,1.1027,8.1027,2883872,24016,0
rlnc16,8,10,systematic,1,102,online,0,8,8,1,0.001393,0.540183,0.624061,0.62823,0.017482,0.000301,0.975089,0,1.6211,1.6211,2883872,24016,0
rlnc16,8,10,systematic,1,102,online,0.1,8,8,1,0.001393,0.540183,0.624061,0.62823,0.017482,0.000301,0.975089,0.009457,1.09324,1.79324,2883872,24016,0
rlnc16,8,10,systematic,1,102,online,1,8,8,1,0.001393,0.540183,0.624061,0.62823,0.017482,0.000301,0.975089,0.009457,1.09324,8.09324,2883872,24016,0
rlnc16,8,10,systematic,1,102,online_eager,0,8,8,1,0.001393,0.540183,0.624061,0.335478,0.005951,3e-05,0.697088,0,1.03855,1.03855,2883872,24016,0
rlnc16,8,10,systematic,1,102,online_eager,0.1,8,8,1,0.001393,0.540183,0.624061,0.335478,0.005951,3e-05,0.697088,0.005259,0.738536,1.43854,2883872,24016,0
rlnc16,8,10,systematic,1,102,online_eager,1,8,8,1,0.001393,0.540183,0.624061,0.335478,0.005951,3e-05,0.697088,0.005259,0.738536,7.73854,2883872,24016,0
rlnc16,8,10,systematic,1,103,batch,0,8,8,1,0.001182,0.368181,0.299311,0.302333,0.005251,0.00015,0.636634,0,0.944368,0.944368,2883872,24016,0
rlnc16,8,10,systematic,1,103,batch,0.1,8,8,1,0.001182,0.368181,0.299311,0.302333,0.005251,0.00015,0.636634,0,0.679264,1.37926,2883872,24016,0
rlnc16,8,10,systematic,1,103,batch,1,8,8,1,0.001182,0.368181,0.299311,0.302333,0.005251,0.00015,0.636634,0,0.679264,7.67926,2883872,24016,0
rlnc16,8,10,systematic,1,103,online,0,8,8,1,0.001182,0.368181,0.299311,0.302333,0.005251,0.00015,0.636634,0,0.944368,0.944368,2883872,24016,0
rlnc16,8,10,systematic,1,103,online,0.1,8,8,1,0.001182,0.368181,0.299311,0.302333,0.005251,0.00015,0.636634,0.00462,0.674644,1.37464,2883872,24016,0
rlnc16,8,10,systematic,1,103,online,1,8,8,1,0.001182,0.368181,0.299311,0.302333,0.005251,0.00015,0.636634,0.00462,0.674644,7.67464,2883872,24016,0
rlnc16,8,10,systematic,1,103,online_eager,0,8,8,1,0.001182,0.368181,0.299311,0.294051,0.00522,2e-05,0.648868,0,0.948159,0.948159,2883872,24016,0
rlnc16,8,10,systematic,1,103,online_eager,0.1,8,8,1,0.001182,0.368181,0.299311,0.294051,0.00522,2e-05,0.648868,0.004569,0.686869,1.38687,2883872,24016,0
rlnc16,8,10,systematic,1,103,online_eager,1,8,8,1,0.001182,0.368181,0.299311,0.294051,0.00522,2e-05,0.648868,0.004569,0.686869,7.68687,2883872,24016,0
rs16,8,10,random,1,100,batch,0,8,8,1,0.008165,0.796114,1.7551,0.694793,0.237987,0.493686,1.3703,0,2.79677,2.79677,2883872,24016,1
rs16,8,10,random,1,100,batch,0.1,8,8,1,0.008165,0.796114,1.7551,0.694793,0.237987,0.493686,1.3703,0,2.2504,2.9504,2883872,24016,1
rs16,8,10,random,1,100,batch,1,8,8,1,0.008165,0.796114,1.7551,0.694793,0.237987,0.493686,1.3703,0,2.2504,9.2504,2883872,24016,1
rs16,8,10,random,1,100,online,0,8,8,1,0.008165,0.796114,1.7551,0.694793,0.237987,0.493686,1.3703,0,2.79677,2.79677,2883872,24016,1
rs16,8,10,random,1,100,online,0.1,8,8,1,0.008165,0.796114,1.7551,0.694793,0.237987,0.493686,1.3703,0.106511,2.14389,2.84389,2883872,24016,1
rs16,8,10,random,1,100,online,1,8,8,1,0.008165,0.796114,1.7551,0.694793,0.237987,0.493686,1.3703,0.236454,2.01395,9.01395,2883872,24016,1
rs16,8,10,random,1,100,online_eager,0,8,8,1,0.008165,0.796114,1.7551,0.585247,0.363121,9e-05,1.3055,0,2.25396,2.25396,2883872,24016,1
rs16,8,10,random,1,100,online_eager,0.1,8,8,1,0.008165,0.796114,1.7551,0.585247,0.363121,9e-05,1.3055,0.218169,1.62287,2.32287,2883872,24016,1
rs16,8,10,random,1,100,online_eager,1,8,8,1,0.008165,0.796114,1.7551,0.585247,0.363121,9e-05,1.3055,0.329829,1.41528,8.41528,2883872,24016,1
rs16,8,10,random,1,101,batch,0,8,8,1,0.006392,0.538039,0.622468,0.590338,0.219572,0.331461,1.29709,0,2.43846,2.43846,2883872,24016,0
rs16,8,10,random,1,101,batch,0.1,8,8,1,0.006392,0.538039,0.622468,0.590338,0.219572,0.331461,1.29709,0,1.92784,2.62784,2883872,24016,0
rs16,8,10,random,1,101,batch,1,8,8,1,0.006392,0.538039,0.622468,0.590338,0.219572,0.331461,1.29709,0,1.92784,8.92784,2883872,24016,0
rs16,8,10,random,1,101,online,0,8,8,1,0.006392,0.538039,0.622468,0.590338,0.219572,0.331461,1.29709,0,2.43846,2.43846,2883872,24016,0
rs16,8,10,random,1,101,online,0.1,8,8,1,0.006392,0.538039,0.622468,0.590338,0.219572,0.331461,1.29709,0.048762,1.87907,2.57907,2883872,24016,0
rs16,8,10,random,1,101,online,1,8,8,1,0.006392,0.538039,0.622468,0.590338,0.219572,0.331461,1.29709,0.048762,1.87907,8.87907,2883872,24016,0
rs16,8,10,random,1,101,online_eager,0,8,8,1,0.006392,0.538039,0.622468,0.588545,0.561332,5e-05,1.18939,0,2.33932,2.33932,2883872,24016,0
rs16,8,10,random,1,101,online_eager,0.1,8,8,1,0.006392,0.538039,0.622468,0.588545,0.561332,5e-05,1.18939,0.18158,1.7482,2.4482,2883872,24016,0
rs16,8,10,random,1,101,online_eager,1,8,8,1,0.006392,0.538039,0.622468,0.588545,0.561332,5e-05,1.18939,0.250058,1.57404,8.57404,2883872,24016,0
rs16,8,10,random,1,102,batch,0,8,8,1,0.011311,0.41574,0.296195,0.314601,0.113823,0.221405,0.686628,0,1.33646,1.33646,2883872,24016,0
rs16,8,10,random,1,102,batch,0.1,8,8,1,0.011311,0.41574,0.296195,0.314601,0.113823,0.221405,0.686628,0,1.0612,1.7612,2883872,24016,0
rs16,8,10,random,1,102,batch,1,8,8,1,0.011311,0.41574,0.296195,0.314601,0.113823,0.221405,0.686628,0,1.0612,8.0612,2883872,24016,0
rs16,8,10,random,1,102,online,0,8,8,1,0.011311,0.41574,0.296195,0.314601,0.113823,0.221405,0.686628,0,1.33646,1.33646,2883872,24016,0
rs16,8,10,random,1,102,online,0.1,8,8,1,0.011311,0.41574,0.296195,0.314601,0.113823,0.221405,0.686628,0.063739,0.997461,1.69746,2883872,24016,0
rs16,8,10,random,1,102,online,1,8,8,1,0.011311,0.41574,0.296195,0.314601,0.113823,0.221405,0.686628,0.063739,0.997461,7.99746,2883872,24016,0
rs16,8,10,random,1,102,online_eager,0,8,8,1,0.011311,0.41574,0.296195,0.28351,0.17015,3e-05,0.610154,0,1.06384,1.06384,2883872,24016,0
rs16,8,10,random,1,102,online_eager,0.1,8,8,1,0.011311,0.41574,0.296195,0.28351,0.17015,3e-05,0.610154,0.137488,0.679504,1.3795,2883872,24016,0
rs16,8,10,random,1,102,online_eager,1,8,8,1,0.011311,0.41574,0.296195,0.28351,0.17015,3e-05,0.610154,0.137488,0.679504,7.6795,2883872,24016,0
rs16,8,10,random,1,103,batch,0,8,8,1,0.003326,0.248987,0.28786,0.283402,0.20248,0.243447,0.613831,0,1.34316,1.34316,2883872,24016,0
rs16,8,10,random,1,103,batch,0.1,8,8,1,0.003326,0.248987,0.28786,0.283402,0.20248,0.243447,0.613831,0,1.09562,1.79562,2883872,24016,0
rs16,8,10,random,1,103,batch,1,8,8,1,0.003326,0.248987,0.28786,0.283402,0.20248,0.243447,0.613831,0,1.09561,8.09561,2883872,24016,0
rs16,8,10,random,1,103,online,0,8,8,1,0.003326,0.248987,0.28786,0.283402,0.20248,0.243447,0.613831,0,1.34316,1.34316,2883872,24016,0
rs16,8,10,random,1,103,online,0.1,8,8,1,0.003326,0.248987,0.28786,0.283402,0.20248,0.243447,0.613831,0.089708,1.00591,1.70591,2883872,24016,0
rs16,8,10,random,1,103,online,1,8,8,1,0.003326,0.248987,0.28786,0.283402,0.20248,0.243447,0.613831,0.089708,1.00591,8.00591,2883872,24016,0
rs16,8,10,random,1,103,online_eager,0,8,8,1,0.003326,0.248987,0.28786,0.280818,0.287448,3e-05,0.617668,0,1.18596,1.18596,2883872,24016,0
rs16,8,10,random,1,103,online_eager,0.1,8,8,1,0.003326,0.248987,0.28786,0.280818,0.287448,3e-05,0.617668,0.239098,0.700914,1.40091,2883872,24016,0
rs16,8,10,random,1,103,online_eager,1,8,8,1,0.003326,0.248987,0.28786,0.280818,0.287448,3e-05,0.617668,0.239098,0.700914,7.70091,2883872,24016,0
rlnc16,8,10,random,1,100,batch,0,8,8,1,0.001453,0.344186,0.83683,0.319671,0.105998,0.228749,0.669657,0,1.32407,1.32407,2883872,24016,1
rlnc16,8,10,random,1,100,batch,0.1,8,8,1,0.001453,0.344186,0.83683,0.319671,0.105998,0.228749,0.669657,0,1.04513,1.74513,2883872,24016,1
rlnc16,8,10,random,1,100,batch,1,8,8,1,0.001453,0.344186,0.83683,0.319671,0.105998,0.228749,0.669657,0,1.04513,8.04513,2883872,24016,1
rlnc16,8,10,random,1,100,online,0,8,8,1,0.001453,0.344186,0.83683,0.319671,0.105998,0.228749,0.669657,0,1.32407,1.32407,2883872,24016,1
rlnc16,8,10,random,1,100,online,0.1,8,8,1,0.001453,0.344186,0.83683,0.319671,0.105998,0.228749,0.669657,0.099198,0.945933,1.64593,2883872,24016,1
rlnc16,8,10,random,1,100,online,1,8,8,1,0.001453,0.344186,0.83683,0.319671,0.105998,0.228749,0.669657,0.105397,0.939734,7.93973,2883872,24016,1
rlnc16,8,10,random,1,100,online_eager,0,8,8,1,0.001453,0.344186,0.83683,0.277471,0.166322,5e-05,0.615655,0,1.0595,1.0595,2883872,24016,1
rlnc16,8,10,random,1,100,online_eager,0.1,8,8,1,0.001453,0.344186,0.83683,0.277471,0.166322,5e-05,0.615655,0.150943,0.66592,1.36592,2883872,24016,1
rlnc16,8,10,random,1,100,online_eager,1,8,8,1,0.001453,0.344186,0.83683,0.277471,0.166322,5e-05,0.615655,0.150943,0.66592,7.66592,2883872,24016,1
rlnc16,8,10,random,1,101,batch,0,8,8,1,0.000691,0.248727,0.294061,0.278673,0.101771,0.159358,0.616847,0,1.15665,1.15665,2883872,24016,0
rlnc16,8,10,random,1,101,batch,0.1,8,8,1,0.000691,0.248727,0.294061,0.278673,0.101771,0.159358,0.616847,0,0.914254,1.61425,2883872,24016,0
rlnc16,8,10,random,1,101,batch,1,8,8,1,0.000691,0.248727,0.294061,0.278673,0.101771,0.159358,0.616847,0,0.914254,7.91425,2883872,24016,0
rlnc16,8,10,random,1,101,online,0,8,8,1,0.000691,0.248727,0.294061,0.278673,0.101771,0.159358,0.616847,0,1.15665,1.15665,2883872,24016,0
rlnc16,8,10,random,1,101,online,0.1,8,8,1,0.000691,0.248727,0.294061,0.278673,0.101771,0.159358,0.616847,0.023254,0.891,1.591,2883872,24016,0
rlnc16,8,10,random,1,101,online,1,8,8,1,0.000691,0.248727,0.294061,0.278673,0.101771,0.159358,0.616847,0.023254,0.891,7.891,2883872,24016,0
rlnc16,8,10,random,1,101,online_eager,0,8,8,1,0.000691,0.248727,0.294061,0.276098,0.256793,3e-05,0.609874,0,1.1428,1.1428,2883872,24016,0
rlnc16,8,10,random,1,101,online_eager,0.1,8,8,1,0.000691,0.248727,0.294061,0.276098,0.256793,3e-05,0.609874,0.117251,0.785344,1.48534,2883872,24016,0
rlnc16,8,10,random,1,101,online_eager,1,8,8,1,0.000691,0.248727,0.294061,0.276098,0.256793,3e-05,0.609874,0.117251,0.785344,7.78534,2883872,24016,0
rlnc16,8,10,random,1,102,batch,0,8,8,1,0.000661,0.249368,0.294172,0.27753,0.105907,0.232136,0.617739,0,1.23331,1.23331,2883872,24016,0
rlnc16,8,10,random,1,102,batch,0.1,8,8,1,0.000661,0.249368,0.294172,0.27753,0.105907,0.232136,0.617739,0,0.990678,1.69068,2883872,24016,0
rlnc16,8,10,random,1,102,batch,1,8,8,1,0.000661,0.249368,0.294172,0.27753,0.105907,0.232136,0.617739,0,0.990678,7.99068,2883872,24016,0
rlnc16,8,10,random,1,102,online,0,8,8,1,0.000661,0.249368,0.294172,0.27753,0.105907,0.232136,0.617739,0,1.23331,1.23331,2883872,24016,0
rlnc16,8,10,random,1,102,online,0.1,8,8,1,0.000661,0.249368,0.294172,0.27753,0.105907,0.232136,0.617739,0.057156,0.933522,1.63352,2883872,24016,0
rlnc16,8,10,random,1,102,online,1,8,8,1,0.000661,0.249368,0.294172,0.27753,0.105907,0.232136,0.617739,0.057156,0.933522,7.93352,2883872,24016,0
rlnc16,8,10,random,1,102,online_eager,0,8,8,1,0.000661,0.249368,0.294172,0.278611,0.168108,2e-05,0.621726,0,1.06846,1.06846,2883872,24016,0
rlnc16,8,10,random,1,102,online_eager,0.1,8,8,1,0.000661,0.249368,0.294172,0.278611,0.168108,2e-05,0.621726,0.134214,0.690575,1.39058,2883872,24016,0
rlnc16,8,10,random,1,102,online_eager,1,8,8,1,0.000661,0.249368,0.294172,0.278611,0.168108,2e-05,0.621726,0.134214,0.690575,7.69057,2883872,24016,0
rlnc16,8,10,random,1,103,batch,0,8,8,1,0.000681,0.258706,0.294402,0.280446,0.208471,0.243377,0.61857,0,1.35086,1.35086,2883872,24016,0
rlnc16,8,10,random,1,103,batch,0.1,8,8,1,0.000681,0.258706,0.294402,0.280446,0.208471,0.243377,0.61857,0,1.10645,1.80645,2883872,24016,0
rlnc16,8,10,random,1,103,batch,1,8,8,1,0.000681,0.258706,0.294402,0.280446,0.208471,0.243377,0.61857,0,1.10645,8.10645,2883872,24016,0
rlnc16,8,10,random,1,103,online,0,8,8,1,0.000681,0.258706,0.294402,0.280446,0.208471,0.243377,0.61857,0,1.35086,1.35086,2883872,24016,0
rlnc16,8,10,random,1,103,online,0.1,8,8,1,0.000681,0.258706,0.294402,0.280446,0.208471,0.243377,0.61857,0.092674,1.01377,1.71377,2883872,24016,0
rlnc16,8,10,random,1,103,online,1,8,8,1,0.000681,0.258706,0.294402,0.280446,0.208471,0.243377,0.61857,0.092674,1.01377,8.01377,2883872,24016,0
rlnc16,8,10,random,1,103,online_eager,0,8,8,1,0.000681,0.258706,0.294402,0.280645,0.295315,2e-05,0.618951,0,1.19493,1.19493,2883872,24016,0
rlnc16,8,10,random,1,103,online_eager,0.1,8,8,1,0.000681,0.258706,0.294402,0.280645,0.295315,2e-05,0.618951,0.247505,0.703279,1.40328,2883872,24016,0
rlnc16,8,10,random,1,103,online_eager,1,8,8,1,0.000681,0.258706,0.294402,0.280645,0.295315,2e-05,0.618951,0.247505,0.703279,7.70328,2883872,24016,0
rs16,8,10,parity_first,1,100,batch,0,8,8,1,0.003857,0.405992,0.829556,0.316173,0.268043,0.418776,0.664166,0,1.66716,1.66716,2883872,24016,1
rs16,8,10,parity_first,1,100,batch,0.1,8,8,1,0.003857,0.405992,0.829556,0.316173,0.268043,0.418776,0.664166,0,1.39119,2.09119,2883872,24016,1
rs16,8,10,parity_first,1,100,batch,1,8,8,1,0.003857,0.405992,0.829556,0.316173,0.268043,0.418776,0.664166,0,1.39119,8.39119,2883872,24016,1
rs16,8,10,parity_first,1,100,online,0,8,8,1,0.003857,0.405992,0.829556,0.316173,0.268043,0.418776,0.664166,0,1.66716,1.66716,2883872,24016,1
rs16,8,10,parity_first,1,100,online,0.1,8,8,1,0.003857,0.405992,0.829556,0.316173,0.268043,0.418776,0.664166,0.233528,1.15766,1.85766,2883872,24016,1
rs16,8,10,parity_first,1,100,online,1,8,8,1,0.003857,0.405992,0.829556,0.316173,0.268043,0.418776,0.664166,0.233528,1.15766,8.15766,2883872,24016,1
rs16,8,10,parity_first,1,100,online_eager,0,8,8,1,0.003857,0.405992,0.829556,0.28266,0.354977,3e-05,1.38356,0,2.02122,2.02122,2883872,24016,1
rs16,8,10,parity_first,1,100,online_eager,0.1,8,8,1,0.003857,0.405992,0.829556,0.28266,0.354977,3e-05,1.38356,0.308289,1.46714,2.16714,2883872,24016,1
rs16,8,10,parity_first,1,100,online_eager,1,8,8,1,0.003857,0.405992,0.829556,0.28266,0.354977,3e-05,1.38356,0.308289,1.46714,8.46714,2883872,24016,1
rs16,8,10,parity_first,1,101,batch,0,8,8,1,0.008185,0.590308,0.627106,0.625054,0.556977,0.891602,1.34703,0,3.42066,3.42066,2883872,24016,0
rs16,8,10,parity_first,1,101,batch,0.1,8,8,1,0.008185,0.590308,0.627106,0.625054,0.556977,0.891602,1.34703,0,2.87484,3.57484,2883872,24016,0
rs16,8,10,parity_first,1,101,batch,1,8,8,1,0.008185,0.590308,0.627106,0.625054,0.556977,0.891602,1.34703,0,2.87484,9.87484,2883872,24016,0
rs16,8,10,parity_first,1,101,online,0,8,8,1,0.008185,0.590308,0.627106,0.625054,0.556977,0.891602,1.34703,0,3.42066,3.42066,2883872,24016,0
rs16,8,10,parity_first,1,101,online,0.1,8,8,1,0.008185,0.590308,0.627106,0.625054,0.556977,0.891602,1.34703,0.323562,2.72066,3.42066,2883872,24016,0
rs16,8,10,parity_first,1,101,online,1,8,8,1,0.008185,0.590308,0.627106,0.625054,0.556977,0.891602,1.34703,0.482807,2.39204,9.39204,2883872,24016,0
rs16,8,10,parity_first,1,101,online_eager,0,8,8,1,0.008185,0.590308,0.627106,0.588135,0.765967,9e-05,1.29794,0,2.65213,2.65213,2883872,24016,0
rs16,8,10,parity_first,1,101,online_eager,0.1,8,8,1,0.008185,0.590308,0.627106,0.588135,0.765967,9e-05,1.29794,0.354755,1.95213,2.65213,2883872,24016,0
rs16,8,10,parity_first,1,101,online_eager,1,8,8,1,0.008185,0.590308,0.627106,0.588135,0.765967,9e-05,1.29794,0.664466,1.47579,8.47579,2883872,24016,0
rs16,8,10,parity_first,1,102,batch,0,8,8,1,0.00547,0.537858,0.620694,0.588296,0.563998,0.890691,1.30154,0,3.34453,3.34453,2883872,24016,0
rs16,8,10,parity_first,1,102,batch,0.1,8,8,1,0.00547,0.537858,0.620694,0.588296,0.563998,0.890691,1.30154,0,2.83217,3.53217,2883872,24016,0
rs16,8,10,parity_first,1,102,batch,1,8,8,1,0.00547,0.537858,0.620694,0.588296,0.563998,0.890691,1.30154,0,2.83217,9.83217,2883872,24016,0
rs16,8,10,parity_first,1,102,online,0,8,8,1,0.00547,0.537858,0.620694,0.588296,0.563998,0.890691,1.30154,0,3.34453,3.34453,2883872,24016,0
rs16,8,10,parity_first,1,102,online,0.1,8,8,1,0.00547,0.537858,0.620694,0.588296,0.563998,0.890691,1.30154,0.340124,2.64453,3.34453,2883872,24016,0
rs16,8,10,parity_first,1,102,online,1,8,8,1,0.00547,0.537858,0.620694,0.588296,0.563998,0.890691,1.30154,0.489579,2.34259,9.34259,2883872,24016,0
rs16,8,10,parity_first,1,102,online_eager,0,8,8,1,0.00547,0.537858,0.620694,0.59084,0.767561,5e-05,1.30519,0,2.66364,2.66364,2883872,24016,0
rs16,8,10,parity_first,1,102,online_eager,0.1,8,8,1,0.00547,0.537858,0.620694,0.59084,0.767561,5e-05,1.30519,0.354106,1.96364,2.66364,2883872,24016,0
rs16,8,10,parity_first,1,102,online_eager,1,8,8,1,0.00547,0.537858,0.620694,0.59084,0.767561,5e-05,1.30519,0.668746,1.47791,8.47791,2883872,24016,0
rs16,8,10,parity_first,1,103,batch,0,8,8,1,0.004409,0.538219,0.621766,0.592631,0.556244,0.897734,1.31913,0,3.36574,3.36574,2883872,24016,0
rs16,8,10,parity_first,1,103,batch,0.1,8,8,1,0.004409,0.538219,0.621766,0.592631,0.556244,0.897734,1.31913,0,2.84657,3.54657,2883872,24016,0
rs16,8,10,parity_first,1,103,batch,1,8,8,1,0.004409,0.538219,0.621766,0.592631,0.556244,0.897734,1.31913,0,2.84657,9.84657,2883872,24016,0
rs16,8,10,parity_first,1,103,online,0,8,8,1,0.004409,0.538219,0.621766,0.592631,0.556244,0.897734,1.31913,0,3.36574,3.36574,2883872,24016,0
rs16,8,10,parity_first,1,103,online,0.1,8,8,1,0.004409,0.538219,0.621766,0.592631,0.556244,0.897734,1.31913,0.334355,2.66574,3.36574,2883872,24016,0
rs16,8,10,parity_first,1,103,online,1,8,8,1,0.004409,0.538219,0.621766,0.592631,0.556244,0.897734,1.31913,0.482215,2.36436,9.36436,2883872,24016,0
rs16,8,10,parity_first,1,103,online_eager,0,8,8,1,0.004409,0.538219,0.621766,0.601138,0.773341,4e-05,1.3058,0,2.68032,2.68032,2883872,24016,0
rs16,8,10,parity_first,1,103,online_eager,0.1,8,8,1,0.004409,0.538219,0.621766,0.601138,0.773341,4e-05,1.3058,0.352121,1.98032,2.68032,2883872,24016,0
rs16,8,10,parity_first,1,103,online_eager,1,8,8,1,0.004409,0.538219,0.621766,0.601138,0.773341,4e-05,1.3058,0.669466,1.48652,8.48652,2883872,24016,0
rlnc16,8,10,parity_first,1,100,batch,0,8,8,1,0.003486,0.860054,1.77239,0.639048,0.551567,0.911069,1.35679,0,3.45848,3.45848,2883872,24016,1
rlnc16,8,10,parity_first,1,100,batch,0.1,8,8,1,0.003486,0.860054,1.77239,0.639048,0.551567,0.911069,1.35679,0,2.89991,3.59991,2883872,24016,1
rlnc16,8,10,parity_first,1,100,batch,1,8,8,1,0.003486,0.860054,1.77239,0.639048,0.551567,0.911069,1.35679,0,2.89991,9.89991,2883872,24016,1
rlnc16,8,10,parity_first,1,100,online,0,8,8,1,0.003486,0.860054,1.77239,0.639048,0.551567,0.911069,1.35679,0,3.45848,3.45848,2883872,24016,1
rlnc16,8,10,parity_first,1,100,online,0.1,8,8,1,0.003486,0.860054,1.77239,0.639048,0.551567,0.911069,1.35679,0.306813,2.75848,3.45848,2883872,24016,1
rlnc16,8,10,parity_first,1,100,online,1,8,8,1,0.003486,0.860054,1.77239,0.639048,0.551567,0.911069,1.35679,0.477739,2.42217,9.42217,2883872,24016,1
rlnc16,8,10,parity_first,1,100,online_eager,0,8,8,1,0.003486,0.860054,1.77239,0.591322,0.755385,8.1e-05,1.30367,0,2.65046,2.65046,2883872,24016,1
rlnc16,8,10,parity_first,1,100,online_eager,0.1,8,8,1,0.003486,0.860054,1.77239,0.591322,0.755385,8.1e-05,1.30367,0.348693,1.95046,2.65046,2883872,24016,1
rlnc16,8,10,parity_first,1,100,online_eager,1,8,8,1,0.003486,0.860054,1.77239,0.591322,0.755385,8.1e-05,1.30367,0.6511,1.48714,8.48714,2883872,24016,1
rlnc16,8,10,parity_first,1,101,batch,0,8,8,1,0.001593,0.534713,0.620214,0.50615,0.509044,0.460614,0.781998,0,2.25781,2.25781,2883872,24016,0
rlnc16,8,10,parity_first,1,101,batch,0.1,8,8,1,0.001593,0.534713,0.620214,0.50615,0.509044,0.460614,0.781998,0,1.79385,2.49385,2883872,24016,0
rlnc16,8,10,parity_first,1,101,batch,1,8,8,1,0.001593,0.534713,0.620214,0.50615,0.509044,0.460614,0.781998,0,1.79385,8.79385,2883872,24016,0
rlnc16,8,10,parity_first,1,101,online,0,8,8,1,0.001593,0.534713,0.620214,0.50615,0.509044,0.460614,0.781998,0,2.25781,2.25781,2883872,24016,0
rlnc16,8,10,parity_first,1,101,online,0.1,8,8,1,0.001593,0.534713,0.620214,0.50615,0.509044,0.460614,0.781998,0.34285,1.55781,2.25781,2883872,24016,0
rlnc16,8,10,parity_first,1,101,online,1,8,8,1,0.001593,0.534713,0.620214,0.50615,0.509044,0.460614,0.781998,0.47472,1.31913,8.31913,2883872,24016,0
rlnc16,8,10,parity_first,1,101,online_eager,0,8,8,1,0.001593,0.534713,0.620214,0.293481,0.353333,3e-05,0.622778,0,1.26962,1.26962,2883872,24016,0
rlnc16,8,10,parity_first,1,101,online_eager,0.1,8,8,1,0.001593,0.534713,0.620214,0.293481,0.353333,3e-05,0.622778,0.306355,0.705163,1.40516,2883872,24016,0
rlnc16,8,10,parity_first,1,101,online_eager,1,8,8,1,0.001593,0.534713,0.620214,0.293481,0.353333,3e-05,0.622778,0.306355,0.705163,7.70516,2883872,24016,0
rlnc16,8,10,parity_first,1,102,batch,0,8,8,1,0.000962,0.301836,0.2881,0.280146,0.252372,0.414007,0.627277,0,1.5738,1.5738,2883872,24016,0
rlnc16,8,10,parity_first,1,102,batch,0.1,8,8,1,0.000962,0.301836,0.2881,0.280146,0.252372,0.414007,0.627277,0,1.32936,2.02936,2883872,24016,0
rlnc16,8,10,parity_first,1,102,batch,1,8,8,1,0.000962,0.301836,0.2881,0.280146,0.252372,0.414007,0.627277,0,1.32936,8.32936,2883872,24016,0
rlnc16,8,10,parity_first,1,102,online,0,8,8,1,0.000962,0.301836,0.2881,0.280146,0.252372,0.414007,0.627277,0,1.5738,1.5738,2883872,24016,0
rlnc16,8,10,parity_first,1,102,online,0.1,8,8,1,0.000962,0.301836,0.2881,0.280146,0.252372,0.414007,0.627277,0.218559,1.1108,1.8108,2883872,24016,0
rlnc16,8,10,parity_first,1,102,online,1,8,8,1,0.000962,0.301836,0.2881,0.280146,0.252372,0.414007,0.627277,0.218559,1.1108,8.1108,2883872,24016,0
rlnc16,8,10,parity_first,1,102,online_eager,0,8,8,1,0.000962,0.301836,0.2881,0.300452,0.350239,3e-05,0.683302,0,1.33402,1.33402,2883872,24016,0
rlnc16,8,10,parity_first,1,102,online_eager,0.1,8,8,1,0.000962,0.301836,0.2881,0.300452,0.350239,3e-05,0.683302,0.296701,0.776113,1.47611,2883872,24016,0
rlnc16,8,10,parity_first,1,102,online_eager,1,8,8,1,0.000962,0.301836,0.2881,0.300452,0.350239,3e-05,0.683302,0.302669,0.770145,7.77015,2883872,24016,0
rlnc16,8,10,parity_first,1,103,batch,0,8,8,1,0.000952,0.248126,0.291096,0.28356,0.268823,0.417854,0.625894,0,1.59613,1.59613,2883872,24016,0
rlnc16,8,10,parity_first,1,103,batch,0.1,8,8,1,0.000952,0.248126,0.291096,0.28356,0.268823,0.417854,0.625894,0,1.3485,2.0485,2883872,24016,0
rlnc16,8,10,parity_first,1,103,batch,1,8,8,1,0.000952,0.248126,0.291096,0.28356,0.268823,0.417854,0.625894,0,1.3485,8.3485,2883872,24016,0
rlnc16,8,10,parity_first,1,103,online,0,8,8,1,0.000952,0.248126,0.291096,0.28356,0.268823,0.417854,0.625894,0,1.59613,1.59613,2883872,24016,0
rlnc16,8,10,parity_first,1,103,online,0.1,8,8,1,0.000952,0.248126,0.291096,0.28356,0.268823,0.417854,0.625894,0.23544,1.11306,1.81306,2883872,24016,0
rlnc16,8,10,parity_first,1,103,online,1,8,8,1,0.000952,0.248126,0.291096,0.28356,0.268823,0.417854,0.625894,0.23544,1.11306,8.11306,2883872,24016,0
rlnc16,8,10,parity_first,1,103,online_eager,0,8,8,1,0.000952,0.248126,0.291096,0.280255,0.360668,2e-05,0.614583,0,1.25553,1.25553,2883872,24016,0
rlnc16,8,10,parity_first,1,103,online_eager,0.1,8,8,1,0.000952,0.248126,0.291096,0.280255,0.360668,2e-05,0.614583,0.306165,0.705334,1.40533,2883872,24016,0
rlnc16,8,10,parity_first,1,103,online_eager,1,8,8,1,0.000952,0.248126,0.291096,0.280255,0.360668,2e-05,0.614583,0.306165,0.705334,7.70533,2883872,24016,0
rs16,8,10,withheld,1,100,batch,0,8,8,1,0.007644,0.731362,1.66389,0.642989,0.124472,0.409488,1.42118,0,2.59813,2.59813,2883872,24016,1
rs16,8,10,withheld,1,100,batch,0.1,8,8,1,0.007644,0.731362,1.66389,0.642989,0.124472,0.409488,1.42118,0,2.04393,2.74393,2883872,24016,1
rs16,8,10,withheld,1,100,batch,1,8,8,1,0.007644,0.731362,1.66389,0.642989,0.124472,0.409488,1.42118,0,2.04393,9.04393,2883872,24016,1
rs16,8,10,withheld,1,100,online,0,8,8,1,0.007644,0.731362,1.66389,0.642989,0.124472,0.409488,1.42118,0,2.59813,2.59813,2883872,24016,1
rs16,8,10,withheld,1,100,online,0.1,8,8,1,0.007644,0.731362,1.66389,0.642989,0.124472,0.409488,1.42118,0.031159,2.01277,2.71277,2883872,24016,1
rs16,8,10,withheld,1,100,online,1,8,8,1,0.007644,0.731362,1.66389,0.642989,0.124472,0.409488,1.42118,0.0541,1.98983,8.98983,2883872,24016,1
rs16,8,10,withheld,1,100,online_eager,0,8,8,1,0.007644,0.731362,1.66389,0.590298,0.535396,7e-05,1.31559,0,2.44135,2.44135,2883872,24016,1
rs16,8,10,withheld,1,100,online_eager,0.1,8,8,1,0.007644,0.731362,1.66389,0.590298,0.535396,7e-05,1.31559,0.032043,1.89552,2.59552,2883872,24016,1
rs16,8,10,withheld,1,100,online_eager,1,8,8,1,0.007644,0.731362,1.66389,0.590298,0.535396,7e-05,1.31559,0.243087,1.68448,8.68448,2883872,24016,1
rs16,8,10,withheld,1,101,batch,0,8,8,1,0.011372,0.380584,0.312586,0.351578,0.0694,0.194655,0.66094,0,1.27657,1.27657,2883872,24016,0
rs16,8,10,withheld,1,101,batch,0.1,8,8,1,0.011372,0.380584,0.312586,0.351578,0.0694,0.194655,0.66094,0,0.963908,1.66391,2883872,24016,0
rs16,8,10,withheld,1,101,batch,1,8,8,1,0.011372,0.380584,0.312586,0.351578,0.0694,0.194655,0.66094,0,0.963908,7.96391,2883872,24016,0
rs16,8,10,withheld,1,101,online,0,8,8,1,0.011372,0.380584,0.312586,0.351578,0.0694,0.194655,0.66094,0,1.27657,1.27657,2883872,24016,0
rs16,8,10,withheld,1,101,online,0.1,8,8,1,0.011372,0.380584,0.312586,0.351578,0.0694,0.194655,0.66094,0.033653,0.930255,1.63026,2883872,24016,0
rs16,8,10,withheld,1,101,online,1,8,8,1,0.011372,0.380584,0.312586,0.351578,0.0694,0.194655,0.66094,0.033653,0.930255,7.93025,2883872,24016,0
rs16,8,10,withheld,1,101,online_eager,0,8,8,1,0.011372,0.380584,0.312586,0.295644,0.250709,3e-05,0.638849,0,1.18523,1.18523,2883872,24016,0
rs16,8,10,withheld,1,101,online_eager,0.1,8,8,1,0.011372,0.380584,0.312586,0.295644,0.250709,3e-05,0.638849,0.067588,0.858889,1.55889,2883872,24016,0
rs16,8,10,withheld,1,101,online_eager,1,8,8,1,0.011372,0.380584,0.312586,0.295644,0.250709,3e-05,0.638849,0.113251,0.813226,7.81323,2883872,24016,0
rs16,8,10,withheld,1,102,batch,0,8,8,1,0.003216,0.248757,0.29306,0.280047,0.055653,0.193683,0.647665,0,1.17705,1.17705,2883872,24016,0
rs16,8,10,withheld,1,102,batch,0.1,8,8,1,0.003216,0.248757,0.29306,0.280047,0.055653,0.193683,0.647665,0,0.931897,1.6319,2883872,24016,0
rs16,8,10,withheld,1,102,batch,1,8,8,1,0.003216,0.248757,0.29306,0.280047,0.055653,0.193683,0.647665,0,0.931897,7.9319,2883872,24016,0
rs16,8,10,withheld,1,102,online,0,8,8,1,0.003216,0.248757,0.29306,0.280047,0.055653,0.193683,0.647665,0,1.17705,1.17705,2883872,24016,0
rs16,8,10,withheld,1,102,online,0.1,8,8,1,0.003216,0.248757,0.29306,0.280047,0.055653,0.193683,0.647665,0.023583,0.908314,1.60831,2883872,24016,0
rs16,8,10,withheld,1,102,online,1,8,8,1,0.003216,0.248757,0.29306,0.280047,0.055653,0.193683,0.647665,0.023583,0.908314,7.90831,2883872,24016,0
rs16,8,10,withheld,1,102,online_eager,0,8,8,1,0.003216,0.248757,0.29306,0.282811,0.257754,3e-05,0.619833,0,1.16043,1.16043,2883872,24016,0
rs16,8,10,withheld,1,102,online_eager,0.1,8,8,1,0.003216,0.248757,0.29306,0.282811,0.257754,3e-05,0.619833,0.065716,0.847538,1.54754,2883872,24016,0
rs16,8,10,withheld,1,102,online_eager,1,8,8,1,0.003216,0.248757,0.29306,0.282811,0.257754,3e-05,0.619833,0.117601,0.795653,7.79565,2883872,24016,0
rs16,8,10,withheld,1,103,batch,0,8,8,1,0.002395,0.255239,0.289242,0.281085,0.056398,0.218841,0.708429,0,1.26475,1.26475,2883872,24016,0
rs16,8,10,withheld,1,103,batch,0.1,8,8,1,0.002395,0.255239,0.289242,0.281085,0.056398,0.218841,0.708429,0,1.02014,1.72014,2883872,24016,0
rs16,8,10,withheld,1,103,batch,1,8,8,1,0.002395,0.255239,0.289242,0.281085,0.056398,0.218841,0.708429,0,1.02014,8.02014,2883872,24016,0
rs16,8,10,withheld,1,103,online,0,8,8,1,0.002395,0.255239,0.289242,0.281085,0.056398,0.218841,0.708429,0,1.26475,1.26475,2883872,24016,0
rs16,8,10,withheld,1,103,online,0.1,8,8,1,0.002395,0.255239,0.289242,0.281085,0.056398,0.218841,0.708429,0.022244,0.997892,1.69789,2883872,24016,0
rs16,8,10,withheld,1,103,online,1,8,8,1,0.002395,0.255239,0.289242,0.281085,0.056398,0.218841,0.708429,0.022244,0.997892,7.99789,2883872,24016,0
rs16,8,10,withheld,1,103,online_eager,0,8,8,1,0.002395,0.255239,0.289242,0.313429,0.253004,3e-05,0.653997,0,1.22046,1.22046,2883872,24016,0
rs16,8,10,withheld,1,103,online_eager,0.1,8,8,1,0.002395,0.255239,0.289242,0.313429,0.253004,3e-05,0.653997,0.064864,0.879046,1.57905,2883872,24016,0
rs16,8,10,withheld,1,103,online_eager,1,8,8,1,0.002395,0.255239,0.289242,0.313429,0.253004,3e-05,0.653997,0.116468,0.827442,7.82744,2883872,24016,0
rlnc16,8,10,withheld,1,100,batch,0,8,8,1,0.001493,0.370104,0.843663,0.326164,0.056545,0.200376,0.696376,0,1.27946,1.27946,2883872,24016,1
rlnc16,8,10,withheld,1,100,batch,0.1,8,8,1,0.001493,0.370104,0.843663,0.326164,0.056545,0.200376,0.696376,0,0.993182,1.69318,2883872,24016,1
rlnc16,8,10,withheld,1,100,batch,1,8,8,1,0.001493,0.370104,0.843663,0.326164,0.056545,0.200376,0.696376,0,0.993182,7.99318,2883872,24016,1
rlnc16,8,10,withheld,1,100,online,0,8,8,1,0.001493,0.370104,0.843663,0.326164,0.056545,0.200376,0.696376,0,1.27946,1.27946,2883872,24016,1
rlnc16,8,10,withheld,1,100,online,0.1,8,8,1,0.001493,0.370104,0.843663,0.326164,0.056545,0.200376,0.696376,0.023864,0.969318,1.66932,2883872,24016,1
rlnc16,8,10,withheld,1,100,online,1,8,8,1,0.001493,0.370104,0.843663,0.326164,0.056545,0.200376,0.696376,0.023864,0.969318,7.96932,2883872,24016,1
rlnc16,8,10,withheld,1,100,online_eager,0,8,8,1,0.001493,0.370104,0.843663,0.278845,0.269464,4e-05,0.627818,0,1.17617,1.17617,2883872,24016,1
rlnc16,8,10,withheld,1,100,online_eager,0.1,8,8,1,0.001493,0.370104,0.843663,0.278845,0.269464,4e-05,0.627818,0.068149,0.866273,1.56627,2883872,24016,1
rlnc16,8,10,withheld,1,100,online_eager,1,8,8,1,0.001493,0.370104,0.843663,0.278845,0.269464,4e-05,0.627818,0.117449,0.816973,7.81697,2883872,24016,1
rlnc16,8,10,withheld,1,101,batch,0,8,8,1,0.000742,0.258795,0.292609,0.282489,0.059093,0.207019,0.621986,0,1.17059,1.17059,2883872,24016,0
rlnc16,8,10,withheld,1,101,batch,0.1,8,8,1,0.000742,0.258795,0.292609,0.282489,0.059093,0.207019,0.621986,0,0.924797,1.6248,2883872,24016,0
rlnc16,8,10,withheld,1,101,batch,1,8,8,1,0.000742,0.258795,0.292609,0.282489,0.059093,0.207019,0.621986,0,0.924797,7.9248,2883872,24016,0
rlnc16,8,10,withheld,1,101,online,0,8,8,1,0.000742,0.258795,0.292609,0.282489,0.059093,0.207019,0.621986,0,1.17059,1.17059,2883872,24016,0
rlnc16,8,10,withheld,1,101,online,0.1,8,8,1,0.000742,0.258795,0.292609,0.282489,0.059093,0.207019,0.621986,0.02564,0.899157,1.59916,2883872,24016,0
rlnc16,8,10,withheld,1,101,online,1,8,8,1,0.000742,0.258795,0.292609,0.282489,0.059093,0.207019,0.621986,0.02564,0.899157,7.89916,2883872,24016,0
rlnc16,8,10,withheld,1,101,online_eager,0,8,8,1,0.000742,0.258795,0.292609,0.278382,0.261991,3e-05,0.620163,0,1.16057,1.16057,2883872,24016,0
rlnc16,8,10,withheld,1,101,online_eager,0.1,8,8,1,0.000742,0.258795,0.292609,0.278382,0.261991,3e-05,0.620163,0.066698,0.851043,1.55104,2883872,24016,0
rlnc16,8,10,withheld,1,101,online_eager,1,8,8,1,0.000742,0.258795,0.292609,0.278382,0.261991,3e-05,0.620163,0.120095,0.797646,7.79765,2883872,24016,0
rlnc16,8,10,withheld,1,102,batch,0,8,8,1,0.000691,0.255209,0.292749,0.282298,0.056567,0.202981,0.631685,0,1.17353,1.17353,2883872,24016,0
rlnc16,8,10,withheld,1,102,batch,0.1,8,8,1,0.000691,0.255209,0.292749,0.282298,0.056567,0.202981,0.631685,0,0.926178,1.62618,2883872,24016,0
rlnc16,8,10,withheld,1,102,batch,1,8,8,1,0.000691,0.255209,0.292749,0.282298,0.056567,0.202981,0.631685,0,0.926178,7.92618,2883872,24016,0
rlnc16,8,10,withheld,1,102,online,0,8,8,1,0.000691,0.255209,0.292749,0.282298,0.056567,0.202981,0.631685,0,1.17353,1.17353,2883872,24016,0
rlnc16,8,10,withheld,1,102,online,0.1,8,8,1,0.000691,0.255209,0.292749,0.282298,0.056567,0.202981,0.631685,0.023024,0.903154,1.60315,2883872,24016,0
rlnc16,8,10,withheld,1,102,online,1,8,8,1,0.000691,0.255209,0.292749,0.282298,0.056567,0.202981,0.631685,0.023024,0.903154,7.90315,2883872,24016,0
rlnc16,8,10,withheld,1,102,online_eager,0,8,8,1,0.000691,0.255209,0.292749,0.27741,0.257565,3e-05,0.622678,0,1.15768,1.15768,2883872,24016,0
rlnc16,8,10,withheld,1,102,online_eager,0.1,8,8,1,0.000691,0.255209,0.292749,0.27741,0.257565,3e-05,0.622678,0.067951,0.84874,1.54874,2883872,24016,0
rlnc16,8,10,withheld,1,102,online_eager,1,8,8,1,0.000691,0.255209,0.292749,0.27741,0.257565,3e-05,0.622678,0.115448,0.801243,7.80124,2883872,24016,0
rlnc16,8,10,withheld,1,103,batch,0,8,8,1,0.000631,0.250139,0.306776,0.279183,0.056968,0.203752,0.621255,0,1.16116,1.16116,2883872,24016,0
rlnc16,8,10,withheld,1,103,batch,0.1,8,8,1,0.000631,0.250139,0.306776,0.279183,0.056968,0.203752,0.621255,0,0.918624,1.61862,2883872,24016,0
rlnc16,8,10,withheld,1,103,batch,1,8,8,1,0.000631,0.250139,0.306776,0.279183,0.056968,0.203752,0.621255,0,0.918624,7.91862,2883872,24016,0
rlnc16,8,10,withheld,1,103,online,0,8,8,1,0.000631,0.250139,0.306776,0.279183,0.056968,0.203752,0.621255,0,1.16116,1.16116,2883872,24016,0
rlnc16,8,10,withheld,1,103,online,0.1,8,8,1,0.000631,0.250139,0.306776,0.279183,0.056968,0.203752,0.621255,0.023194,0.89543,1.59543,2883872,24016,0
rlnc16,8,10,withheld,1,103,online,1,8,8,1,0.000631,0.250139,0.306776,0.279183,0.056968,0.203752,0.621255,0.023194,0.89543,7.89543,2883872,24016,0
rlnc16,8,10,withheld,1,103,online_eager,0,8,8,1,0.000631,0.250139,0.306776,0.279333,0.259969,3e-05,0.625684,0,1.16502,1.16502,2883872,24016,0
rlnc16,8,10,withheld,1,103,online_eager,0.1,8,8,1,0.000631,0.250139,0.306776,0.279333,0.259969,3e-05,0.625684,0.066849,0.854381,1.55438,2883872,24016,0
rlnc16,8,10,withheld,1,103,online_eager,1,8,8,1,0.000631,0.250139,0.306776,0.279333,0.259969,3e-05,0.625684,0.118414,0.802816,7.80282,2883872,24016,0
rs16,32,40,systematic,1,100,batch,0,32,32,1,0.132499,8.97429,2.75186,1.4034,0.017171,0.000791,6.14559,0,7.56696,7.56696,11538944,24016,1
rs16,32,40,systematic,1,100,batch,0.1,32,32,1,0.132499,8.97429,2.75186,1.4034,0.017171,0.000791,6.14559,0,6.20595,9.30595,11538944,24016,1
rs16,32,40,systematic,1,100,batch,1,32,32,1,0.132499,8.97429,2.75186,1.4034,0.017171,0.000791,6.14559,0,6.20595,37.206,11538944,24016,1
rs16,32,40,systematic,1,100,online,0,32,32,1,0.132499,8.97429,2.75186,1.4034,0.017171,0.000791,6.14559,0,7.56696,7.56696,11538944,24016,1
rs16,32,40,systematic,1,100,online,0.1,32,32,1,0.132499,8.97429,2.75186,1.4034,0.017171,0.000791,6.14559,0.01663,6.18932,9.28932,11538944,24016,1
rs16,32,40,systematic,1,100,online,1,32,32,1,0.132499,8.97429,2.75186,1.4034,0.017171,0.000791,6.14559,0.01663,6.18932,37.1893,11538944,24016,1
rs16,32,40,systematic,1,100,online_eager,0,32,32,1,0.132499,8.97429,2.75186,1.23399,0.021142,3e-05,5.54463,0,6.7998,6.7998,11538944,24016,1
rs16,32,40,systematic,1,100,online_eager,0.1,32,32,1,0.132499,8.97429,2.75186,1.23399,0.021142,3e-05,5.54463,0.02044,5.58308,8.68308,11538944,24016,1
rs16,32,40,systematic,1,100,online_eager,1,32,32,1,0.132499,8.97429,2.75186,1.23399,0.021142,3e-05,5.54463,0.02044,5.58308,36.5831,11538944,24016,1
rs16,32,40,systematic,1,101,batch,0,32,32,1,0.068799,4.04029,1.24119,1.24821,0.017683,0.000812,5.66691,0,6.93362,6.93362,11538944,24016,0
rs16,32,40,systematic,1,101,batch,0.1,32,32,1,0.068799,4.04029,1.24119,1.24821,0.017683,0.000812,5.66691,0,5.72429,8.82429,11538944,24016,0
rs16,32,40,systematic,1,101,batch,1,32,32,1,0.068799,4.04029,1.24119,1.24821,0.017683,0.000812,5.66691,0,5.72429,36.7243,11538944,24016,0
rs16,32,40,systematic,1,101,online,0,32,32,1,0.068799,4.04029,1.24119,1.24821,0.017683,0.000812,5.66691,0,6.93362,6.93362,11538944,24016,0
rs16,32,40,systematic,1,101,online,0.1,32,32,1,0.068799,4.04029,1.24119,1.24821,0.017683,0.000812,5.66691,0.017122,5.70717,8.80717,11538944,24016,0
rs16,32,40,systematic,1,101,online,1,32,32,1,0.068799,4.04029,1.24119,1.24821,0.017683,0.000812,5.66691,0.017122,5.70717,36.7072,11538944,24016,0
rs16,32,40,systematic,1,101,online_eager,0,32,32,1,0.068799,4.04029,1.24119,1.24333,0.020974,3e-05,5.58012,0,6.84445,6.84445,11538944,24016,0
rs16,32,40,systematic,1,101,online_eager,0.1,32,32,1,0.068799,4.04029,1.24119,1.24333,0.020974,3e-05,5.58012,0.020282,5.6195,8.7195,11538944,24016,0
rs16,32,40,systematic,1,101,online_eager,1,32,32,1,0.068799,4.04029,1.24119,1.24333,0.020974,3e-05,5.58012,0.020282,5.6195,36.6195,11538944,24016,0
rs16,32,40,systematic,1,102,batch,0,32,32,1,0.049173,4.06412,1.2885,1.35813,0.018896,0.000771,5.82518,0,7.20297,7.20297,11538944,24016,0
rs16,32,40,systematic,1,102,batch,0.1,32,32,1,0.049173,4.06412,1.2885,1.35813,0.018896,0.000771,5.82518,0,5.88619,8.98619,11538944,24016,0
rs16,32,40,systematic,1,102,batch,1,32,32,1,0.049173,4.06412,1.2885,1.35813,0.018896,0.000771,5.82518,0,5.88619,36.8862,11538944,24016,0
rs16,32,40,systematic,1,102,online,0,32,32,1,0.049173,4.06412,1.2885,1.35813,0.018896,0.000771,5.82518,0,7.20297,7.20297,11538944,24016,0
rs16,32,40,systematic,1,102,online,0.1,32,32,1,0.049173,4.06412,1.2885,1.35813,0.018896,0.000771,5.82518,0.018344,5.86785,8.96785,11538944,24016,0
rs16,32,40,systematic,1,102,online,1,32,32,1,0.049173,4.06412,1.2885,1.35813,0.018896,0.000771,5.82518,0.018344,5.86785,36.8678,11538944,24016,0
rs16,32,40,systematic,1,102,online_eager,0,32,32,1,0.049173,4.06412,1.2885,1.25704,0.02024,3e-05,5.55117,0,6.82847,6.82847,11538944,24016,0
rs16,32,40,systematic,1,102,online_eager,0.1,32,32,1,0.049173,4.06412,1.2885,1.25704,0.02024,3e-05,5.55117,0.019539,5.58993,8.68993,11538944,24016,0
rs16,32,40,systematic,1,102,online_eager,1,32,32,1,0.049173,4.06412,1.2885,1.25704,0.02024,3e-05,5.55117,0.019539,5.58993,36.5899,11538944,24016,0
rs16,32,40,systematic,1,103,batch,0,32,32,1,0.054602,4.28384,1.25596,1.29065,0.017553,0.000741,6.18137,0,7.49031,7.49031,11538944,24016,0
rs16,32,40,systematic,1,103,batch,0.1,32,32,1,0.054602,4.28384,1.25596,1.29065,0.017553,0.000741,6.18137,0,6.23798,9.33798,11538944,24016,0
rs16,32,40,systematic,1,103,batch,1,32,32,1,0.054602,4.28384,1.25596,1.29065,0.017553,0.000741,6.18137,0,6.23798,37.238,11538944,24016,0
rs16,32,40,systematic,1,103,online,0,32,32,1,0.054602,4.28384,1.25596,1.29065,0.017553,0.000741,6.18137,0,7.49031,7.49031,11538944,24016,0
rs16,32,40,systematic,1,103,online,0.1,32,32,1,0.054602,4.28384,1.25596,1.29065,0.017553,0.000741,6.18137,0.016992,6.22099,9.32099,11538944,24016,0
rs16,32,40,systematic,1,103,online,1,32,32,1,0.054602,4.28384,1.25596,1.29065,0.017553,0.000741,6.18137,0.016992,6.22099,37.221,11538944,24016,0
rs16,32,40,systematic,1,103,online_eager,0,32,32,1,0.054602,4.28384,1.25596,1.26906,0.020967,3e-05,5.78934,0,7.0794,7.0794,11538944,24016,0
rs16,32,40,systematic,1,103,online_eager,0.1,32,32,1,0.054602,4.28384,1.25596,1.26906,0.020967,3e-05,5.78934,0.020266,5.82805,8.92805,11538944,24016,0
rs16,32,40,systematic,1,103,online_eager,1,32,32,1,0.054602,4.28384,1.25596,1.26906,0.020967,3e-05,5.78934,0.020266,5.82805,36.8281,11538944,24016,0
rlnc16,32,40,systematic,1,100,batch,0,32,32,1,0.002285,4.44357,1.8947,1.35667,0.022436,0.000802,6.10048,0,7.4804,7.4804,11538944,24016,1
rlnc16,32,40,systematic,1,100,batch,0.1,32,32,1,0.002285,4.44357,1.8947,1.35667,0.022436,0.000802,6.10048,0,6.16691,9.26691,11538944,24016,1
rlnc16,32,40,systematic,1,100,batch,1,32,32,1,0.002285,4.44357,1.8947,1.35667,0.022436,0.000802,6.10048,0,6.16691,37.1669,11538944,24016,1
rlnc16,32,40,systematic,1,100,online,0,32,32,1,0.002285,4.44357,1.8947,1.35667,0.022436,0.000802,6.10048,0,7.4804,7.4804,11538944,24016,1
rlnc16,32,40,systematic,1,100,online,0.1,32,32,1,0.002285,4.44357,1.8947,1.35667,0.022436,0.000802,6.10048,0.021765,6.14515,9.24515,11538944,24016,1
rlnc16,32,40,systematic,1,100,online,1,32,32,1,0.002285,4.44357,1.8947,1.35667,0.022436,0.000802,6.10048,0.021765,6.14515,37.1451,11538944,24016,1
rlnc16,32,40,systematic,1,100,online_eager,0,32,32,1,0.002285,4.44357,1.8947,1.22413,0.025757,3e-05,5.52311,0,6.77302,6.77302,11538944,24016,1
rlnc16,32,40,systematic,1,100,online_eager,0.1,32,32,1,0.002285,4.44357,1.8947,1.22413,0.025757,3e-05,5.52311,0.024935,5.56286,8.66286,11538944,24016,1
rlnc16,32,40,systematic,1,100,online_eager,1,32,32,1,0.002285,4.44357,1.8947,1.22413,0.025757,3e-05,5.52311,0.024935,5.56286,36.5629,11538944,24016,1
rlnc16,32,40,systematic,1,101,batch,0,32,32,1,0.002274,4.04533,1.22183,1.28998,0.021703,0.000782,5.68841,0,7.00088,7.00088,11538944,24016,0
rlnc16,32,40,systematic,1,101,batch,0.1,32,32,1,0.002274,4.04533,1.22183,1.28998,0.021703,0.000782,5.68841,0,5.76581,8.86581,11538944,24016,0
rlnc16,32,40,systematic,1,101,batch,1,32,32,1,0.002274,4.04533,1.22183,1.28998,0.021703,0.000782,5.68841,0,5.76581,36.7658,11538944,24016,0
rlnc16,32,40,systematic,1,101,online,0,32,32,1,0.002274,4.04533,1.22183,1.28998,0.021703,0.000782,5.68841,0,7.00088,7.00088,11538944,24016,0
rlnc16,32,40,systematic,1,101,online,0.1,32,32,1,0.002274,4.04533,1.22183,1.28998,0.021703,0.000782,5.68841,0.021012,5.7448,8.8448,11538944,24016,0
rlnc16,32,40,systematic,1,101,online,1,32,32,1,0.002274,4.04533,1.22183,1.28998,0.021703,0.000782,5.68841,0.021012,5.7448,36.7448,11538944,24016,0
rlnc16,32,40,systematic,1,101,online_eager,0,32,32,1,0.002274,4.04533,1.22183,1.36368,0.0257,2e-05,5.78113,0,7.17053,7.17053,11538944,24016,0
rlnc16,32,40,systematic,1,101,online_eager,0.1,32,32,1,0.002274,4.04533,1.22183,1.36368,0.0257,2e-05,5.78113,0.024889,5.82466,8.92466,11538944,24016,0
rlnc16,32,40,systematic,1,101,online_eager,1,32,32,1,0.002274,4.04533,1.22183,1.36368,0.0257,2e-05,5.78113,0.024889,5.82466,36.8247,11538944,24016,0
rlnc16,32,40,systematic,1,102,batch,0,32,32,1,0.002204,4.12133,1.24423,1.3091,0.022883,0.000792,5.71063,0,7.0434,7.0434,11538944,24016,0
rlnc16,32,40,systematic,1,102,batch,0.1,32,32,1,0.002204,4.12133,1.24423,1.3091,0.022883,0.000792,5.71063,0,5.77357,8.87357,11538944,24016,0
rlnc16,32,40,systematic,1,102,batch,1,32,32,1,0.002204,4.12133,1.24423,1.3091,0.022883,0.000792,5.71063,0,5.77357,36.7736,11538944,24016,0
rlnc16,32,40,systematic,1,102,online,0,32,32,1,0.002204,4.12133,1.24423,1.3091,0.022883,0.000792,5.71063,0,7.0434,7.0434,11538944,24016,0
rlnc16,32,40,systematic,1,102,online,0.1,32,32,1,0.002204,4.12133,1.24423,1.3091,0.022883,0.000792,5.71063,0.022232,5.75134,8.85134,11538944,24016,0
rlnc16,32,40,systematic,1,102,online,1,32,32,1,0.002204,4.12133,1.24423,1.3091,0.022883,0.000792,5.71063,0.022232,5.75134,36.7513,11538944,24016,0
rlnc16,32,40,systematic,1,102,online_eager,0,32,32,1,0.002204,4.12133,1.24423,1.21946,0.024715,3e-05,5.67469,0,6.91889,6.91889,11538944,24016,0
rlnc16,32,40,systematic,1,102,online_eager,0.1,32,32,1,0.002204,4.12133,1.24423,1.21946,0.024715,3e-05,5.67469,0.023913,5.71475,8.81475,11538944,24016,0
rlnc16,32,40,systematic,1,102,online_eager,1,32,32,1,0.002204,4.12133,1.24423,1.21946,0.024715,3e-05,5.67469,0.023913,5.71475,36.7148,11538944,24016,0
rlnc16,32,40,systematic,1,103,batch,0,32,32,1,0.002154,4.06584,1.27807,1.27929,0.022463,0.000801,5.87257,0,7.17512,7.17512,11538944,24016,0
rlnc16,32,40,systematic,1,103,batch,0.1,32,32,1,0.002154,4.06584,1.27807,1.27929,0.022463,0.000801,5.87257,0,5.93474,9.03474,11538944,24016,0
rlnc16,32,40,systematic,1,103,batch,1,32,32,1,0.002154,4.06584,1.27807,1.27929,0.022463,0.000801,5.87257,0,5.93474,36.9347,11538944,24016,0
rlnc16,32,40,systematic,1,103,online,0,32,32,1,0.002154,4.06584,1.27807,1.27929,0.022463,0.000801,5.87257,0,7.17512,7.17512,11538944,24016,0
rlnc16,32,40,systematic,1,103,online,0.1,32,32,1,0.002154,4.06584,1.27807,1.27929,0.022463,0.000801,5.87257,0.021821,5.91292,9.01292,11538944,24016,0
rlnc16,32,40,systematic,1,103,online,1,32,32,1,0.002154,4.06584,1.27807,1.27929,0.022463,0.000801,5.87257,0.021821,5.91292,36.9129,11538944,24016,0
rlnc16,32,40,systematic,1,103,online_eager,0,32,32,1,0.002154,4.06584,1.27807,1.30905,0.024643,3.1e-05,5.62266,0,6.95638,6.95638,11538944,24016,0
rlnc16,32,40,systematic,1,103,online_eager,0.1,32,32,1,0.002154,4.06584,1.27807,1.30905,0.024643,3.1e-05,5.62266,0.023832,5.66386,8.76386,11538944,24016,0
rlnc16,32,40,systematic,1,103,online_eager,1,32,32,1,0.002154,4.06584,1.27807,1.30905,0.024643,3.1e-05,5.62266,0.023832,5.66386,36.6639,11538944,24016,0
rs16,32,40,random,1,100,batch,0,32,32,1,0.179707,5.36956,1.84927,1.37942,2.19471,3.94259,5.84814,0,13.3649,13.3649,11538944,24016,1
rs16,32,40,random,1,100,batch,0.1,32,32,1,0.179707,5.36956,1.84927,1.37942,2.19471,3.94259,5.84814,0,12.0301,15.1301,11538944,24016,1
rs16,32,40,random,1,100,batch,1,32,32,1,0.179707,5.36956,1.84927,1.37942,2.19471,3.94259,5.84814,0,12.0301,43.0301,11538944,24016,1
rs16,32,40,random,1,100,online,0,32,32,1,0.179707,5.36956,1.84927,1.37942,2.19471,3.94259,5.84814,0,13.3649,13.3649,11538944,24016,1
rs16,32,40,random,1,100,online,0.1,32,32,1,0.179707,5.36956,1.84927,1.37942,2.19471,3.94259,5.84814,1.1248,10.9972,14.0972,11538944,24016,1
rs16,32,40,random,1,100,online,1,32,32,1,0.179707,5.36956,1.84927,1.37942,2.19471,3.94259,5.84814,1.73115,10.299,41.299,11538944,24016,1
rs16,32,40,random,1,100,online_eager,0,32,32,1,0.179707,5.36956,1.84927,1.28791,3.20878,4e-05,5.63927,0,10.136,10.136,11538944,24016,1
rs16,32,40,random,1,100,online_eager,0.1,32,32,1,0.179707,5.36956,1.84927,1.28791,3.20878,4e-05,5.63927,1.86744,7.3483,10.4483,11538944,24016,1
rs16,32,40,random,1,100,online_eager,1,32,32,1,0.179707,5.36956,1.84927,1.28791,3.20878,4e-05,5.63927,2.63543,6.25748,37.2575,11538944,24016,1
rs16,32,40,random,1,101,batch,0,32,32,1,0.039384,4.11561,1.26331,1.2784,1.09878,4.03773,5.824,0,12.2389,12.2389,11538944,24016,0
rs16,32,40,random,1,101,batch,0.1,32,32,1,0.039384,4.11561,1.26331,1.2784,1.09878,4.03773,5.824,0,10.9996,14.0996,11538944,24016,0
rs16,32,40,random,1,101,batch,1,32,32,1,0.039384,4.11561,1.26331,1.2784,1.09878,4.03773,5.824,0,10.9996,41.9996,11538944,24016,0
rs16,32,40,random,1,101,online,0,32,32,1,0.039384,4.11561,1.26331,1.2784,1.09878,4.03773,5.824,0,12.2389,12.2389,11538944,24016,0
rs16,32,40,random,1,101,online,0.1,32,32,1,0.039384,4.11561,1.26331,1.2784,1.09878,4.03773,5.824,0.742226,10.3005,13.4005,11538944,24016,0
rs16,32,40,random,1,101,online,1,32,32,1,0.039384,4.11561,1.26331,1.2784,1.09878,4.03773,5.824,0.745587,10.2541,41.2541,11538944,24016,0
rs16,32,40,random,1,101,online_eager,0,32,32,1,0.039384,4.11561,1.26331,1.38695,2.66556,4e-05,5.65275,0,9.70529,9.70529,11538944,24016,0
rs16,32,40,random,1,101,online_eager,0.1,32,32,1,0.039384,4.11561,1.26331,1.38695,2.66556,4e-05,5.65275,1.78597,6.95535,10.0554,11538944,24016,0
rs16,32,40,random,1,101,online_eager,1,32,32,1,0.039384,4.11561,1.26331,1.38695,2.66556,4e-05,5.65275,2.56778,5.79089,36.7909,11538944,24016,0
rs16,32,40,random,1,102,batch,0,32,32,1,0.039023,4.06384,1.25244,1.32566,2.49286,4.72657,5.9374,0,14.4825,14.4825,11538944,24016,0
rs16,32,40,random,1,102,batch,0.1,32,32,1,0.039023,4.06384,1.25244,1.32566,2.49286,4.72657,5.9374,0,13.1998,16.2998,11538944,24016,0
rs16,32,40,random,1,102,batch,1,32,32,1,0.039023,4.06384,1.25244,1.32566,2.49286,4.72657,5.9374,0,13.1998,44.1998,11538944,24016,0
rs16,32,40,random,1,102,online,0,32,32,1,0.039023,4.06384,1.25244,1.32566,2.49286,4.72657,5.9374,0,14.4825,14.4825,11538944,24016,0
rs16,32,40,random,1,102,online,0.1,32,32,1,0.039023,4.06384,1.25244,1.32566,2.49286,4.72657,5.9374,1.19641,12.1722,15.2722,11538944,24016,0
rs16,32,40,random,1,102,online,1,32,32,1,0.039023,4.06384,1.25244,1.32566,2.49286,4.72657,5.9374,2.21901,10.9807,41.9807,11538944,24016,0
rs16,32,40,random,1,102,online_eager,0,32,32,1,0.039023,4.06384,1.25244,1.43219,3.273,3e-05,5.67035,0,10.3756,10.3756,11538944,24016,0
rs16,32,40,random,1,102,online_eager,0.1,32,32,1,0.039023,4.06384,1.25244,1.43219,3.273,3e-05,5.67035,1.99351,7.46696,10.567,11538944,24016,0
rs16,32,40,random,1,102,online_eager,1,32,32,1,0.039023,4.06384,1.25244,1.43219,3.273,3e-05,5.67035,3.16129,5.82191,36.8219,11538944,24016,0
rs16,32,40,random,1,103,batch,0,32,32,1,0.049162,4.0622,1.25378,1.27266,1.87312,3.71519,5.89964,0,12.7606,12.7606,11538944,24016,0
rs16,32,40,random,1,103,batch,0.1,32,32,1,0.049162,4.0622,1.25378,1.27266,1.87312,3.71519,5.89964,0,11.5342,14.6342,11538944,24016,0
rs16,32,40,random,1,103,batch,1,32,32,1,0.049162,4.0622,1.25378,1.27266,1.87312,3.71519,5.89964,0,11.5342,42.5342,11538944,24016,0
rs16,32,40,random,1,103,online,0,32,32,1,0.049162,4.0622,1.25378,1.27266,1.87312,3.71519,5.89964,0,12.7606,12.7606,11538944,24016,0
rs16,32,40,random,1,103,online,0.1,32,32,1,0.049162,4.0622,1.25378,1.27266,1.87312,3.71519,5.89964,0.868006,10.7478,13.8478,11538944,24016,0
rs16,32,40,random,1,103,online,1,32,32,1,0.049162,4.0622,1.25378,1.27266,1.87312,3.71519,5.89964,1.41454,10.1196,41.1196,11538944,24016,0
rs16,32,40,random,1,103,online_eager,0,32,32,1,0.049162,4.0622,1.25378,1.41048,3.29428,3e-05,5.74563,0,10.4504,10.4504,11538944,24016,0
rs16,32,40,random,1,103,online_eager,0.1,32,32,1,0.049162,4.0622,1.25378,1.41048,3.29428,3e-05,5.74563,1.83934,7.49746,10.5975,11538944,24016,0
rs16,32,40,random,1,103,online_eager,1,32,32,1,0.049162,4.0622,1.25378,1.41048,3.29428,3e-05,5.74563,3.18097,5.90665,36.9067,11538944,24016,0
rlnc16,32,40,random,1,100,batch,0,32,32,1,0.002174,4.55501,1.90077,1.36341,2.19012,3.93498,5.89127,0,13.3798,13.3798,11538944,24016,1
rlnc16,32,40,random,1,100,batch,0.1,32,32,1,0.002174,4.55501,1.90077,1.36341,2.19012,3.93498,5.89127,0,12.0585,15.1585,11538944,24016,1
rlnc16,32,40,random,1,100,batch,1,32,32,1,0.002174,4.55501,1.90077,1.36341,2.19012,3.93498,5.89127,0,12.0585,43.0585,11538944,24016,1
rlnc16,32,40,random,1,100,online,0,32,32,1,0.002174,4.55501,1.90077,1.36341,2.19012,3.93498,5.89127,0,13.3798,13.3798,11538944,24016,1
rlnc16,32,40,random,1,100,online,0.1,32,32,1,0.002174,4.55501,1.90077,1.36341,2.19012,3.93498,5.89127,1.1243,11.0191,14.1191,11538944,24016,1
rlnc16,32,40,random,1,100,online,1,32,32,1,0.002174,4.55501,1.90077,1.36341,2.19012,3.93498,5.89127,1.72884,10.3297,41.3297,11538944,24016,1
rlnc16,32,40,random,1,100,online_eager,0,32,32,1,0.002174,4.55501,1.90077,1.30323,3.21889,3e-05,5.7523,0,10.2745,10.2745,11538944,24016,1
rlnc16,32,40,random,1,100,online_eager,0.1,32,32,1,0.002174,4.55501,1.90077,1.30323,3.21889,3e-05,5.7523,1.8563,7.483,10.583,11538944,24016,1
rlnc16,32,40,random,1,100,online_eager,1,32,32,1,0.002174,4.55501,1.90077,1.30323,3.21889,3e-05,5.7523,2.63436,6.37637,37.3764,11538944,24016,1
rlnc16,32,40,random,1,101,batch,0,32,32,1,0.002645,4.09661,1.24206,1.27498,1.1095,4.07729,5.8012,0,12.263,12.263,11538944,24016,0
rlnc16,32,40,random,1,101,batch,0.1,32,32,1,0.002645,4.09661,1.24206,1.27498,1.1095,4.07729,5.8012,0,11.0283,14.1283,11538944,24016,0
rlnc16,32,40,random,1,101,batch,1,32,32,1,0.002645,4.09661,1.24206,1.27498,1.1095,4.07729,5.8012,0,11.0283,42.0283,11538944,24016,0
rlnc16,32,40,random,1,101,online,0,32,32,1,0.002645,4.09661,1.24206,1.27498,1.1095,4.07729,5.8012,0,12.263,12.263,11538944,24016,0
rlnc16,32,40,random,1,101,online,0.1,32,32,1,0.002645,4.09661,1.24206,1.27498,1.1095,4.07729,5.8012,0.754054,10.3161,13.4161,11538944,24016,0
rlnc16,32,40,random,1,101,online,1,32,32,1,0.002645,4.09661,1.24206,1.27498,1.1095,4.07729,5.8012,0.754746,10.2736,41.2736,11538944,24016,0
rlnc16,32,40,random,1,101,online_eager,0,32,32,1,0.002645,4.09661,1.24206,1.29761,2.69786,3e-05,5.68598,0,9.68148,9.68148,11538944,24016,0
rlnc16,32,40,random,1,101,online_eager,0.1,32,32,1,0.002645,4.09661,1.24206,1.29761,2.69786,3e-05,5.68598,1.79902,6.95735,10.0574,11538944,24016,0
rlnc16,32,40,random,1,101,online_eager,1,32,32,1,0.002645,4.09661,1.24206,1.29761,2.69786,3e-05,5.68598,2.60086,5.82269,36.8227,11538944,24016,0
rlnc16,32,40,random,1,102,batch,0,32,32,1,0.002294,4.11867,1.25491,1.2713,2.5008,4.89996,5.92743,0,14.5995,14.5995,11538944,24016,0
rlnc16,32,40,random,1,102,batch,0.1,32,32,1,0.002294,4.11867,1.25491,1.2713,2.5008,4.89996,5.92743,0,13.3697,16.4697,11538944,24016,0
rlnc16,32,40,random,1,102,batch,1,32,32,1,0.002294,4.11867,1.25491,1.2713,2.5008,4.89996,5.92743,0,13.3697,44.3697,11538944,24016,0
rlnc16,32,40,random,1,102,online,0,32,32,1,0.002294,4.11867,1.25491,1.2713,2.5008,4.89996,5.92743,0,14.5995,14.5995,11538944,24016,0
rlnc16,32,40,random,1,102,online,0.1,32,32,1,0.002294,4.11867,1.25491,1.2713,2.5008,4.89996,5.92743,1.19532,12.3168,15.4168,11538944,24016,0
rlnc16,32,40,random,1,102,online,1,32,32,1,0.002294,4.11867,1.25491,1.2713,2.5008,4.89996,5.92743,2.22959,11.1401,42.1401,11538944,24016,0
rlnc16,32,40,random,1,102,online_eager,0,32,32,1,0.002294,4.11867,1.25491,1.32304,3.28456,4e-05,5.72461,0,10.3323,10.3323,11538944,24016,0
rlnc16,32,40,random,1,102,online_eager,0.1,32,32,1,0.002294,4.11867,1.25491,1.32304,3.28456,4e-05,5.72461,2.03256,7.44059,10.5406,11538944,24016,0
rlnc16,32,40,random,1,102,online_eager,1,32,32,1,0.002294,4.11867,1.25491,1.32304,3.28456,4e-05,5.72461,3.16876,5.88876,36.8888,11538944,24016,0
rlnc16,32,40,random,1,103,batch,0,32,32,1,0.001973,4.10294,1.2535,1.31905,1.87126,3.73406,5.9508,0,12.8752,12.8752,11538944,24016,0
rlnc16,32,40,random,1,103,batch,0.1,32,32,1,0.001973,4.10294,1.2535,1.31905,1.87126,3.73406,5.9508,0,11.5961,14.6961,11538944,24016,0
rlnc16,32,40,random,1,103,batch,1,32,32,1,0.001973,4.10294,1.2535,1.31905,1.87126,3.73406,5.9508,0,11.5961,42.5961,11538944,24016,0
rlnc16,32,40,random,1,103,online,0,32,32,1,0.001973,4.10294,1.2535,1.31905,1.87126,3.73406,5.9508,0,12.8752,12.8752,11538944,24016,0
rlnc16,32,40,random,1,103,online,0.1,32,32,1,0.001973,4.10294,1.2535,1.31905,1.87126,3.73406,5.9508,0.874049,10.8212,13.9212,11538944,24016,0
rlnc16,32,40,random,1,103,online,1,32,32,1,0.001973,4.10294,1.2535,1.31905,1.87126,3.73406,5.9508,1.43852,10.1576,41.1576,11538944,24016,0
rlnc16,32,40,random,1,103,online_eager,0,32,32,1,0.001973,4.10294,1.2535,1.43533,3.27511,3e-05,5.85369,0,10.5642,10.5642,11538944,24016,0
rlnc16,32,40,random,1,103,online_eager,0.1,32,32,1,0.001973,4.10294,1.2535,1.43533,3.27511,3e-05,5.85369,1.84121,7.59647,10.6965,11538944,24016,0
rlnc16,32,40,random,1,103,online_eager,1,32,32,1,0.001973,4.10294,1.2535,1.43533,3.27511,3e-05,5.85369,3.15905,6.01291,37.0129,11538944,24016,0
rs16,32,40,parity_first,1,100,batch,0,32,32,1,0.095138,4.42354,1.86239,1.32701,3.73368,7.87784,6.05881,0,18.9973,18.9973,11538944,24208,1
rs16,32,40,parity_first,1,100,batch,0.1,32,32,1,0.095138,4.42354,1.86239,1.32701,3.73368,7.87784,6.05881,0,17.7138,20.8138,11538944,24208,1
rs16,32,40,parity_first,1,100,batch,1,32,32,1,0.095138,4.42354,1.86239,1.32701,3.73368,7.87784,6.05881,0,17.7138,48.7138,11538944,24208,1
rs16,32,40,parity_first,1,100,online,0,32,32,1,0.095138,4.42354,1.86239,1.32701,3.73368,7.87784,6.05881,0,18.9973,18.9973,11538944,24208,1
rs16,32,40,parity_first,1,100,online,0.1,32,32,1,0.095138,4.42354,1.86239,1.32701,3.73368,7.87784,6.05881,2.1725,15.972,19.072,11538944,24208,1
rs16,32,40,parity_first,1,100,online,1,32,32,1,0.095138,4.42354,1.86239,1.32701,3.73368,7.87784,6.05881,3.60429,14.1095,45.1095,11538944,24208,1
rs16,32,40,parity_first,1,100,online_eager,0,32,32,1,0.095138,4.42354,1.86239,1.30867,4.47816,4e-05,5.65412,0,11.441,11.441,11538944,24208,1
rs16,32,40,parity_first,1,100,online_eager,0.1,32,32,1,0.095138,4.42354,1.86239,1.30867,4.47816,4e-05,5.65412,2.32319,8.40169,11.5017,11538944,24208,1
rs16,32,40,parity_first,1,100,online_eager,1,32,32,1,0.095138,4.42354,1.86239,1.30867,4.47816,4e-05,5.65412,4.33574,5.83551,36.8355,11538944,24208,1
rs16,32,40,parity_first,1,101,batch,0,32,32,1,0.047609,4.08696,1.28202,1.31853,3.83085,7.72805,6.09921,0,18.9766,18.9766,11538944,24208,0
rs16,32,40,parity_first,1,101,batch,0.1,32,32,1,0.047609,4.08696,1.28202,1.31853,3.83085,7.72805,6.09921,0,17.6996,20.7996,11538944,24208,0
rs16,32,40,parity_first,1,101,batch,1,32,32,1,0.047609,4.08696,1.28202,1.31853,3.83085,7.72805,6.09921,0,17.6996,48.6996,11538944,24208,0
rs16,32,40,parity_first,1,101,online,0,32,32,1,0.047609,4.08696,1.28202,1.31853,3.83085,7.72805,6.09921,0,18.9766,18.9766,11538944,24208,0
rs16,32,40,parity_first,1,101,online,0.1,32,32,1,0.047609,4.08696,1.28202,1.31853,3.83085,7.72805,6.09921,2.20661,15.965,19.065,11538944,24208,0
rs16,32,40,parity_first,1,101,online,1,32,32,1,0.047609,4.08696,1.28202,1.31853,3.83085,7.72805,6.09921,3.70044,13.9992,44.9992,11538944,24208,0
rs16,32,40,parity_first,1,101,online_eager,0,32,32,1,0.047609,4.08696,1.28202,1.36638,4.66168,4e-05,5.67136,0,11.6995,11.6995,11538944,24208,0
rs16,32,40,parity_first,1,101,online_eager,0.1,32,32,1,0.047609,4.08696,1.28202,1.36638,4.66168,4e-05,5.67136,2.34513,8.65822,11.7582,11538944,24208,0
rs16,32,40,parity_first,1,101,online_eager,1,32,32,1,0.047609,4.08696,1.28202,1.36638,4.66168,4e-05,5.67136,4.5191,5.85574,36.8557,11538944,24208,0
rs16,32,40,parity_first,1,102,batch,0,32,32,1,0.046237,4.28294,1.28274,1.31075,3.7432,7.84003,5.73995,0,18.6339,18.6339,11538944,24208,0
rs16,32,40,parity_first,1,102,batch,0.1,32,32,1,0.046237,4.28294,1.28274,1.31075,3.7432,7.84003,5.73995,0,17.3641,20.4641,11538944,24208,0
rs16,32,40,parity_first,1,102,batch,1,32,32,1,0.046237,4.28294,1.28274,1.31075,3.7432,7.84003,5.73995,0,17.3641,48.3641,11538944,24208,0
rs16,32,40,parity_first,1,102,online,0,32,32,1,0.046237,4.28294,1.28274,1.31075,3.7432,7.84003,5.73995,0,18.6339,18.6339,11538944,24208,0
rs16,32,40,parity_first,1,102,online,0.1,32,32,1,0.046237,4.28294,1.28274,1.31075,3.7432,7.84003,5.73995,2.16878,15.6165,18.7165,11538944,24208,0
rs16,32,40,parity_first,1,102,online,1,32,32,1,0.046237,4.28294,1.28274,1.31075,3.7432,7.84003,5.73995,3.6061,13.758,44.758,11538944,24208,0
rs16,32,40,parity_first,1,102,online_eager,0,32,32,1,0.046237,4.28294,1.28274,1.27876,4.49898,3e-05,6.18408,0,11.9619,11.9619,11538944,24208,0
rs16,32,40,parity_first,1,102,online_eager,0.1,32,32,1,0.046237,4.28294,1.28274,1.27876,4.49898,3e-05,6.18408,2.33237,8.92312,12.0231,11538944,24208,0
rs16,32,40,parity_first,1,102,online_eager,1,32,32,1,0.046237,4.28294,1.28274,1.27876,4.49898,3e-05,6.18408,4.35567,6.36667,37.3667,11538944,24208,0
rs16,32,40,parity_first,1,103,batch,0,32,32,1,0.209463,5.35217,1.32929,1.54693,4.27539,8.37403,5.97386,0,20.1702,20.1702,11538944,24208,0
rs16,32,40,parity_first,1,103,batch,0.1,32,32,1,0.209463,5.35217,1.32929,1.54693,4.27539,8.37403,5.97386,0,18.6672,21.7672,11538944,24208,0
rs16,32,40,parity_first,1,103,batch,1,32,32,1,0.209463,5.35217,1.32929,1.54693,4.27539,8.37403,5.97386,0,18.6672,49.6672,11538944,24208,0
rs16,32,40,parity_first,1,103,online,0,32,32,1,0.209463,5.35217,1.32929,1.54693,4.27539,8.37403,5.97386,0,20.1702,20.1702,11538944,24208,0
rs16,32,40,parity_first,1,103,online,0.1,32,32,1,0.209463,5.35217,1.32929,1.54693,4.27539,8.37403,5.97386,2.1712,17.1398,20.2398,11538944,24208,0
rs16,32,40,parity_first,1,103,online,1,32,32,1,0.209463,5.35217,1.32929,1.54693,4.27539,8.37403,5.97386,4.13097,14.5362,45.5362,11538944,24208,0
rs16,32,40,parity_first,1,103,online_eager,0,32,32,1,0.209463,5.35217,1.32929,1.33109,4.66288,4e-05,6.34642,0,12.3404,12.3404,11538944,24208,0
rs16,32,40,parity_first,1,103,online_eager,0.1,32,32,1,0.209463,5.35217,1.32929,1.33109,4.66288,4e-05,6.34642,2.34328,9.29987,12.3999,11538944,24208,0
rs16,32,40,parity_first,1,103,online_eager,1,32,32,1,0.209463,5.35217,1.32929,1.33109,4.66288,4e-05,6.34642,4.52183,6.53171,37.5317,11538944,24208,0
rlnc16,32,40,parity_first,1,100,batch,0,32,32,1,0.003035,4.98328,1.84764,1.3635,3.84238,8.08096,5.98752,0,19.2744,19.2744,11538944,24208,1
rlnc16,32,40,parity_first,1,100,batch,0.1,32,32,1,0.003035,4.98328,1.84764,1.3635,3.84238,8.08096,5.98752,0,17.9542,21.0542,11538944,24208,1
rlnc16,32,40,parity_first,1,100,batch,1,32,32,1,0.003035,4.98328,1.84764,1.3635,3.84238,8.08096,5.98752,0,17.9542,48.9542,11538944,24208,1
rlnc16,32,40,parity_first,1,100,online,0,32,32,1,0.003035,4.98328,1.84764,1.3635,3.84238,8.08096,5.98752,0,19.2744,19.2744,11538944,24208,1
rlnc16,32,40,parity_first,1,100,online,0.1,32,32,1,0.003035,4.98328,1.84764,1.3635,3.84238,8.08096,5.98752,2.19513,16.2398,19.3398,11538944,24208,1
rlnc16,32,40,parity_first,1,100,online,1,32,32,1,0.003035,4.98328,1.84764,1.3635,3.84238,8.08096,5.98752,3.71175,14.2425,45.2425,11538944,24208,1
rlnc16,32,40,parity_first,1,100,online_eager,0,32,32,1,0.003035,4.98328,1.84764,1.29126,4.57339,5e-05,6.95899,0,12.8237,12.8237,11538944,24208,1
rlnc16,32,40,parity_first,1,100,online_eager,0.1,32,32,1,0.003035,4.98328,1.84764,1.29126,4.57339,5e-05,6.95899,2.35887,9.7851,12.8851,11538944,24208,1
rlnc16,32,40,parity_first,1,100,online_eager,1,32,32,1,0.003035,4.98328,1.84764,1.29126,4.57339,5e-05,6.95899,4.43088,7.14016,38.1402,11538944,24208,1
rlnc16,32,40,parity_first,1,101,batch,0,32,32,1,0.003536,4.44803,1.27974,1.40386,4.20803,8.16455,5.9086,0,19.685,19.685,11538944,24208,0
rlnc16,32,40,parity_first,1,101,batch,0.1,32,32,1,0.003536,4.44803,1.27974,1.40386,4.20803,8.16455,5.9086,0,18.327,21.427,11538944,24208,0
rlnc16,32,40,parity_first,1,101,batch,1,32,32,1,0.003536,4.44803,1.27974,1.40386,4.20803,8.16455,5.9086,0,18.327,49.327,11538944,24208,0
rlnc16,32,40,parity_first,1,101,online,0,32,32,1,0.003536,4.44803,1.27974,1.40386,4.20803,8.16455,5.9086,0,19.685,19.685,11538944,24208,0
rlnc16,32,40,parity_first,1,101,online,0.1,32,32,1,0.003536,4.44803,1.27974,1.40386,4.20803,8.16455,5.9086,2.16608,16.6633,19.7633,11538944,24208,0
rlnc16,32,40,parity_first,1,101,online,1,32,32,1,0.003536,4.44803,1.27974,1.40386,4.20803,8.16455,5.9086,4.00201,14.325,45.325,11538944,24208,0
rlnc16,32,40,parity_first,1,101,online_eager,0,32,32,1,0.003536,4.44803,1.27974,1.48115,5.22344,3e-05,6.0174,0,12.722,12.722,11538944,24208,0
rlnc16,32,40,parity_first,1,101,online_eager,0.1,32,32,1,0.003536,4.44803,1.27974,1.48115,5.22344,3e-05,6.0174,2.43628,9.65436,12.7544,11538944,24208,0
rlnc16,32,40,parity_first,1,101,online_eager,1,32,32,1,0.003536,4.44803,1.27974,1.48115,5.22344,3e-05,6.0174,5.07744,6.2058,37.2058,11538944,24208,0
rlnc16,32,40,parity_first,1,102,batch,0,32,32,1,0.002555,4.53498,1.2942,1.41625,3.93046,9.03224,5.86961,0,20.2486,20.2486,11538944,24208,0
rlnc16,32,40,parity_first,1,102,batch,0.1,32,32,1,0.002555,4.53498,1.2942,1.41625,3.93046,9.03224,5.86961,0,18.8739,21.9739,11538944,24208,0
rlnc16,32,40,parity_first,1,102,batch,1,32,32,1,0.002555,4.53498,1.2942,1.41625,3.93046,9.03224,5.86961,0,18.8739,49.8739,11538944,24208,0
rlnc16,32,40,parity_first,1,102,online,0,32,32,1,0.002555,4.53498,1.2942,1.41625,3.93046,9.03224,5.86961,0,20.2486,20.2486,11538944,24208,0
rlnc16,32,40,parity_first,1,102,online,0.1,32,32,1,0.002555,4.53498,1.2942,1.41625,3.93046,9.03224,5.86961,2.20071,17.1757,20.2757,11538944,24208,0
rlnc16,32,40,parity_first,1,102,online,1,32,32,1,0.002555,4.53498,1.2942,1.41625,3.93046,9.03224,5.86961,3.79557,15.0783,46.0783,11538944,24208,0
rlnc16,32,40,parity_first,1,102,online_eager,0,32,32,1,0.002555,4.53498,1.2942,1.30121,4.58692,3e-05,5.97389,0,11.862,11.862,11538944,24208,0
rlnc16,32,40,parity_first,1,102,online_eager,0.1,32,32,1,0.002555,4.53498,1.2942,1.30121,4.58692,3e-05,5.97389,2.35927,8.82236,11.9224,11538944,24208,0
rlnc16,32,40,parity_first,1,102,online_eager,1,32,32,1,0.002555,4.53498,1.2942,1.30121,4.58692,3e-05,5.97389,4.44345,6.15772,37.1577,11538944,24208,0
rlnc16,32,40,parity_first,1,103,batch,0,32,32,1,0.002074,4.16133,1.25664,1.31791,3.83003,8.54049,5.96506,0,19.6535,19.6535,11538944,24208,0
rlnc16,32,40,parity_first,1,103,batch,0.1,32,32,1,0.002074,4.16133,1.25664,1.31791,3.83003,8.54049,5.96506,0,18.3754,21.4754,11538944,24208,0
rlnc16,32,40,parity_first,1,103,batch,1,32,32,1,0.002074,4.16133,1.25664,1.31791,3.83003,8.54049,5.96506,0,18.3754,49.3754,11538944,24208,0
rlnc16,32,40,parity_first,1,103,online,0,32,32,1,0.002074,4.16133,1.25664,1.31791,3.83003,8.54049,5.96506,0,19.6535,19.6535,11538944,24208,0
rlnc16,32,40,parity_first,1,103,online,0.1,32,32,1,0.002074,4.16133,1.25664,1.31791,3.83003,8.54049,5.96506,2.2007,16.6363,19.7363,11538944,24208,0
rlnc16,32,40,parity_first,1,103,online,1,32,32,1,0.002074,4.16133,1.25664,1.31791,3.83003,8.54049,5.96506,3.69072,14.6847,45.6847,11538944,24208,0
rlnc16,32,40,parity_first,1,103,online_eager,0,32,32,1,0.002074,4.16133,1.25664,1.32659,4.67979,4e-05,5.97411,0,11.9805,11.9805,11538944,24208,0
rlnc16,32,40,parity_first,1,103,online_eager,0.1,32,32,1,0.002074,4.16133,1.25664,1.32659,4.67979,4e-05,5.97411,2.34733,8.93426,12.0343,11538944,24208,0
rlnc16,32,40,parity_first,1,103,online_eager,1,32,32,1,0.002074,4.16133,1.25664,1.32659,4.67979,4e-05,5.97411,4.53126,6.16358,37.1636,11538944,24208,0
rs16,32,40,withheld,1,100,batch,0,32,32,1,0.168917,9.07161,3.72548,2.66328,1.32001,6.0198,5.85958,0,15.8627,15.8627,11538944,24208,1
rs16,32,40,withheld,1,100,batch,0.1,32,32,1,0.168917,9.07161,3.72548,2.66328,1.32001,6.0198,5.85958,0,13.2882,16.3882,11538944,24208,1
rs16,32,40,withheld,1,100,batch,1,32,32,1,0.168917,9.07161,3.72548,2.66328,1.32001,6.0198,5.85958,0,13.2882,44.2882,11538944,24208,1
rs16,32,40,withheld,1,100,online,0,32,32,1,0.168917,9.07161,3.72548,2.66328,1.32001,6.0198,5.85958,0,15.8627,15.8627,11538944,24208,1
rs16,32,40,withheld,1,100,online,0.1,32,32,1,0.168917,9.07161,3.72548,2.66328,1.32001,6.0198,5.85958,0.391031,13.1492,16.2492,11538944,24208,1
rs16,32,40,withheld,1,100,online,1,32,32,1,0.168917,9.07161,3.72548,2.66328,1.32001,6.0198,5.85958,1.0463,12.2419,43.2419,11538944,24208,1
rs16,32,40,withheld,1,100,online_eager,0,32,32,1,0.168917,9.07161,3.72548,1.46202,4.42155,3e-05,5.82544,0,11.709,11.709,11538944,24208,1
rs16,32,40,withheld,1,100,online_eager,0.1,32,32,1,0.168917,9.07161,3.72548,1.46202,4.42155,3e-05,5.82544,0.624991,9.90639,13.0064,11538944,24208,1
rs16,32,40,withheld,1,100,online_eager,1,32,32,1,0.168917,9.07161,3.72548,1.46202,4.42155,3e-05,5.82544,3.68329,6.61198,37.612,11538944,24208,1
rs16,32,40,withheld,1,101,batch,0,32,32,1,0.09091,4.20289,1.26283,1.30416,0.636445,3.42316,5.94509,0,11.3089,11.3089,11538944,24208,0
rs16,32,40,withheld,1,101,batch,0.1,32,32,1,0.09091,4.20289,1.26283,1.30416,0.636445,3.42316,5.94509,0,10.0452,13.1452,11538944,24208,0
rs16,32,40,withheld,1,101,batch,1,32,32,1,0.09091,4.20289,1.26283,1.30416,0.636445,3.42316,5.94509,0,10.0452,41.0452,11538944,24208,0
rs16,32,40,withheld,1,101,online,0,32,32,1,0.09091,4.20289,1.26283,1.30416,0.636445,3.42316,5.94509,0,11.3089,11.3089,11538944,24208,0
rs16,32,40,withheld,1,101,online,0.1,32,32,1,0.09091,4.20289,1.26283,1.30416,0.636445,3.42316,5.94509,0.386766,9.67417,12.7742,11538944,24208,0
rs16,32,40,withheld,1,101,online,1,32,32,1,0.09091,4.20289,1.26283,1.30416,0.636445,3.42316,5.94509,0.500971,9.54422,40.5442,11538944,24208,0
rs16,32,40,withheld,1,101,online_eager,0,32,32,1,0.09091,4.20289,1.26283,1.48337,4.64158,3e-05,6.15723,0,12.2822,12.2822,11538944,24208,0
rs16,32,40,withheld,1,101,online_eager,0.1,32,32,1,0.09091,4.20289,1.26283,1.48337,4.64158,3e-05,6.15723,0.682388,10.446,13.546,11538944,24208,0
rs16,32,40,withheld,1,101,online_eager,1,32,32,1,0.09091,4.20289,1.26283,1.48337,4.64158,3e-05,6.15723,4.02696,6.81415,37.8142,11538944,24208,0
rs16,32,40,withheld,1,102,batch,0,32,32,1,0.066726,4.15025,1.30134,1.50534,0.778423,3.51104,5.89971,0,11.6945,11.6945,11538944,24208,0
rs16,32,40,withheld,1,102,batch,0.1,32,32,1,0.066726,4.15025,1.30134,1.50534,0.778423,3.51104,5.89971,0,10.2364,13.3364,11538944,24208,0
rs16,32,40,withheld,1,102,batch,1,32,32,1,0.066726,4.15025,1.30134,1.50534,0.778423,3.51104,5.89971,0,10.2364,41.2364,11538944,24208,0
rs16,32,40,withheld,1,102,online,0,32,32,1,0.066726,4.15025,1.30134,1.50534,0.778423,3.51104,5.89971,0,11.6945,11.6945,11538944,24208,0
rs16,32,40,withheld,1,102,online,0.1,32,32,1,0.066726,4.15025,1.30134,1.50534,0.778423,3.51104,5.89971,0.408219,9.88527,12.9853,11538944,24208,0
rs16,32,40,withheld,1,102,online,1,32,32,1,0.066726,4.15025,1.30134,1.50534,0.778423,3.51104,5.89971,0.64929,9.58706,40.5871,11538944,24208,0
rs16,32,40,withheld,1,102,online_eager,0,32,32,1,0.066726,4.15025,1.30134,1.3273,4.06847,4e-05,6.2543,0,11.6501,11.6501,11538944,24208,0
rs16,32,40,withheld,1,102,online_eager,0.1,32,32,1,0.066726,4.15025,1.30134,1.3273,4.06847,4e-05,6.2543,0.638735,9.94453,13.0445,11538944,24208,0
rs16,32,40,withheld,1,102,online_eager,1,32,32,1,0.066726,4.15025,1.30134,1.3273,4.06847,4e-05,6.2543,3.4505,6.91303,37.913,11538944,24208,0
rs16,32,40,withheld,1,103,batch,0,32,32,1,0.063188,4.22587,1.28712,1.33579,0.627656,3.45827,6.06656,0,11.4883,11.4883,11538944,24208,0
rs16,32,40,withheld,1,103,batch,0.1,32,32,1,0.063188,4.22587,1.28712,1.33579,0.627656,3.45827,6.06656,0,10.1926,13.2926,11538944,24208,0
rs16,32,40,withheld,1,103,batch,1,32,32,1,0.063188,4.22587,1.28712,1.33579,0.627656,3.45827,6.06656,0,10.1926,41.1926,11538944,24208,0
rs16,32,40,withheld,1,103,online,0,32,32,1,0.063188,4.22587,1.28712,1.33579,0.627656,3.45827,6.06656,0,11.4883,11.4883,11538944,24208,0
rs16,32,40,withheld,1,103,online,0.1,32,32,1,0.063188,4.22587,1.28712,1.33579,0.627656,3.45827,6.06656,0.384701,9.82321,12.9232,11538944,24208,0
rs16,32,40,withheld,1,103,online,1,32,32,1,0.063188,4.22587,1.28712,1.33579,0.627656,3.45827,6.06656,0.498614,9.69402,40.694,11538944,24208,0
rs16,32,40,withheld,1,103,online_eager,0,32,32,1,0.063188,4.22587,1.28712,1.31891,4.08932,3e-05,5.70943,0,11.1177,11.1177,11538944,24208,0
rs16,32,40,withheld,1,103,online_eager,0.1,32,32,1,0.063188,4.22587,1.28712,1.31891,4.08932,3e-05,5.70943,0.637765,9.41562,12.5156,11538944,24208,0
rs16,32,40,withheld,1,103,online_eager,1,32,32,1,0.063188,4.22587,1.28712,1.31891,4.08932,3e-05,5.70943,3.45673,6.3827,37.3827,11538944,24208,0
rlnc16,32,40,withheld,1,100,batch,0,32,32,1,0.004859,9.19385,1.87593,1.59349,0.913585,7.24916,11.8638,0,21.62,21.62,11538944,24208,1
rlnc16,32,40,withheld,1,100,batch,0.1,32,32,1,0.004859,9.19385,1.87593,1.59349,0.913585,7.24916,11.8638,0,20.2128,23.3128,11538944,24208,1
rlnc16,32,40,withheld,1,100,batch,1,32,32,1,0.004859,9.19385,1.87593,1.59349,0.913585,7.24916,11.8638,0,20.2128,51.2128,11538944,24208,1
rlnc16,32,40,withheld,1,100,online,0,32,32,1,0.004859,9.19385,1.87593,1.59349,0.913585,7.24916,11.8638,0,21.62,21.62,11538944,24208,1
rlnc16,32,40,withheld,1,100,online,0.1,32,32,1,0.004859,9.19385,1.87593,1.59349,0.913585,7.24916,11.8638,0.409189,19.8485,22.9485,11538944,24208,1
rlnc16,32,40,withheld,1,100,online,1,32,32,1,0.004859,9.19385,1.87593,1.59349,0.913585,7.24916,11.8638,0.642767,19.5701,50.5701,11538944,24208,1
rlnc16,32,40,withheld,1,100,online_eager,0,32,32,1,0.004859,9.19385,1.87593,1.84095,4.13252,3e-05,5.81497,0,11.7885,11.7885,11538944,24208,1
rlnc16,32,40,withheld,1,100,online_eager,0.1,32,32,1,0.004859,9.19385,1.87593,1.84095,4.13252,3e-05,5.81497,0.645003,9.59893,12.6989,11538944,24208,1
rlnc16,32,40,withheld,1,100,online_eager,1,32,32,1,0.004859,9.19385,1.87593,1.84095,4.13252,3e-05,5.81497,3.5144,6.48705,37.487,11538944,24208,1
rlnc16,32,40,withheld,1,101,batch,0,32,32,1,0.002946,4.33769,1.24862,1.31116,0.602779,3.40119,5.72028,0,11.0354,11.0354,11538944,24208,0
rlnc16,32,40,withheld,1,101,batch,0.1,32,32,1,0.002946,4.33769,1.24862,1.31116,0.602779,3.40119,5.72028,0,9.76855,12.8686,11538944,24208,0
rlnc16,32,40,withheld,1,101,batch,1,32,32,1,0.002946,4.33769,1.24862,1.31116,0.602779,3.40119,5.72028,0,9.76855,40.7686,11538944,24208,0
rlnc16,32,40,withheld,1,101,online,0,32,32,1,0.002946,4.33769,1.24862,1.31116,0.602779,3.40119,5.72028,0,11.0354,11.0354,11538944,24208,0
rlnc16,32,40,withheld,1,101,online,0.1,32,32,1,0.002946,4.33769,1.24862,1.31116,0.602779,3.40119,5.72028,0.365745,9.41027,12.5103,11538944,24208,0
rlnc16,32,40,withheld,1,101,online,1,32,32,1,0.002946,4.33769,1.24862,1.31116,0.602779,3.40119,5.72028,0.474729,9.29382,40.2938,11538944,24208,0
rlnc16,32,40,withheld,1,101,online_eager,0,32,32,1,0.002946,4.33769,1.24862,1.31464,4.56675,3e-05,6.04698,0,11.9284,11.9284,11538944,24208,0
rlnc16,32,40,withheld,1,101,online_eager,0.1,32,32,1,0.002946,4.33769,1.24862,1.31464,4.56675,3e-05,6.04698,0.636188,10.2499,13.3499,11538944,24208,0
rlnc16,32,40,withheld,1,101,online_eager,1,32,32,1,0.002946,4.33769,1.24862,1.31464,4.56675,3e-05,6.04698,3.60796,7.0467,38.0467,11538944,24208,0
rlnc16,32,40,withheld,1,102,batch,0,32,32,1,0.003416,4.5035,1.2692,1.38683,0.613092,3.39668,5.94988,0,11.3465,11.3465,11538944,24208,0
rlnc16,32,40,withheld,1,102,batch,0.1,32,32,1,0.003416,4.5035,1.2692,1.38683,0.613092,3.39668,5.94988,0,10.0004,13.1004,11538944,24208,0
rlnc16,32,40,withheld,1,102,batch,1,32,32,1,0.003416,4.5035,1.2692,1.38683,0.613092,3.39668,5.94988,0,10.0004,41.0004,11538944,24208,0
rlnc16,32,40,withheld,1,102,online,0,32,32,1,0.003416,4.5035,1.2692,1.38683,0.613092,3.39668,5.94988,0,11.3465,11.3465,11538944,24208,0
rlnc16,32,40,withheld,1,102,online,0.1,32,32,1,0.003416,4.5035,1.2692,1.38683,0.613092,3.39668,5.94988,0.376197,9.64453,12.7445,11538944,24208,0
rlnc16,32,40,withheld,1,102,online,1,32,32,1,0.003416,4.5035,1.2692,1.38683,0.613092,3.39668,5.94988,0.487566,9.51283,40.5128,11538944,24208,0
rlnc16,32,40,withheld,1,102,online_eager,0,32,32,1,0.003416,4.5035,1.2692,1.32993,4.09238,3e-05,5.84877,0,11.2711,11.2711,11538944,24208,0
rlnc16,32,40,withheld,1,102,online_eager,0.1,32,32,1,0.003416,4.5035,1.2692,1.32993,4.09238,3e-05,5.84877,0.643854,9.56354,12.6635,11538944,24208,0
rlnc16,32,40,withheld,1,102,online_eager,1,32,32,1,0.003416,4.5035,1.2692,1.32993,4.09238,3e-05,5.84877,3.4828,6.50242,37.5024,11538944,24208,0
rlnc16,32,40,withheld,1,103,batch,0,32,32,1,0.002134,4.07751,1.26198,1.42646,0.965587,3.4552,5.74815,0,11.5954,11.5954,11538944,24208,0
rlnc16,32,40,withheld,1,103,batch,0.1,32,32,1,0.002134,4.07751,1.26198,1.42646,0.965587,3.4552,5.74815,0,10.2135,13.3135,11538944,24208,0
rlnc16,32,40,withheld,1,103,batch,1,32,32,1,0.002134,4.07751,1.26198,1.42646,0.965587,3.4552,5.74815,0,10.2135,41.2135,11538944,24208,0
rlnc16,32,40,withheld,1,103,online,0,32,32,1,0.002134,4.07751,1.26198,1.42646,0.965587,3.4552,5.74815,0,11.5954,11.5954,11538944,24208,0
rlnc16,32,40,withheld,1,103,online,0.1,32,32,1,0.002134,4.07751,1.26198,1.42646,0.965587,3.4552,5.74815,0.442727,9.83654,12.9365,11538944,24208,0
rlnc16,32,40,withheld,1,103,online,1,32,32,1,0.002134,4.07751,1.26198,1.42646,0.965587,3.4552,5.74815,0.766254,9.44723,40.4472,11538944,24208,0
rlnc16,32,40,withheld,1,103,online_eager,0,32,32,1,0.002134,4.07751,1.26198,1.30146,4.37399,2e-05,5.84999,0,11.5255,11.5255,11538944,24208,0
rlnc16,32,40,withheld,1,103,online_eager,0.1,32,32,1,0.002134,4.07751,1.26198,1.30146,4.37399,2e-05,5.84999,0.642221,9.83565,12.9356,11538944,24208,0
rlnc16,32,40,withheld,1,103,online_eager,1,32,32,1,0.002134,4.07751,1.26198,1.30146,4.37399,2e-05,5.84999,3.69242,6.57304,37.573,11538944,24208,0
rs16,128,160,systematic,1,100,batch,0,128,128,1,2.61675,69.9947,5.64212,7.37777,0.187263,0.019997,77.3195,0,84.9046,84.9046,46211072,44560,1
rs16,128,160,systematic,1,100,batch,0.1,128,128,1,2.61675,69.9947,5.64212,7.37777,0.187263,0.019997,77.3195,0,77.5828,90.2828,46211072,44560,1
rs16,128,160,systematic,1,100,batch,1,128,128,1,2.61675,69.9947,5.64212,7.37777,0.187263,0.019997,77.3195,0,77.5828,204.583,46211072,44560,1
rs16,128,160,systematic,1,100,online,0,128,128,1,2.61675,69.9947,5.64212,7.37777,0.187263,0.019997,77.3195,0,84.9046,84.9046,46211072,44560,1
rs16,128,160,systematic,1,100,online,0.1,128,128,1,2.61675,69.9947,5.64212,7.37777,0.187263,0.019997,77.3195,0.186442,77.3963,90.0963,46211072,44560,1
rs16,128,160,systematic,1,100,online,1,128,128,1,2.61675,69.9947,5.64212,7.37777,0.187263,0.019997,77.3195,0.186442,77.3963,204.396,46211072,44560,1
rs16,128,160,systematic,1,100,online_eager,0,128,128,1,2.61675,69.9947,5.64212,4.32337,0.145202,2e-05,75.9839,0,80.4525,80.4525,46211072,44560,1
rs16,128,160,systematic,1,100,online_eager,0.1,128,128,1,2.61675,69.9947,5.64212,4.32337,0.145202,2e-05,75.9839,0.14382,76.0187,88.7187,46211072,44560,1
rs16,128,160,systematic,1,100,online_eager,1,128,128,1,2.61675,69.9947,5.64212,4.32337,0.145202,2e-05,75.9839,0.14382,76.0187,203.019,46211072,44560,1
rs16,128,160,systematic,1,101,batch,0,128,128,1,2.59011,67.597,5.20155,4.48752,0.19768,0.017753,74.2559,0,78.9588,78.9588,46211072,44560,0
rs16,128,160,systematic,1,101,batch,0.1,128,128,1,2.59011,67.597,5.20155,4.48752,0.19768,0.017753,74.2559,0,74.5061,87.2061,46211072,44560,0
rs16,128,160,systematic,1,101,batch,1,128,128,1,2.59011,67.597,5.20155,4.48752,0.19768,0.017753,74.2559,0,74.5061,201.506,46211072,44560,0
rs16,128,160,systematic,1,101,online,0,128,128,1,2.59011,67.597,5.20155,4.48752,0.19768,0.017753,74.2559,0,78.9588,78.9588,46211072,44560,0
rs16,128,160,systematic,1,101,online,0.1,128,128,1,2.59011,67.597,5.20155,4.48752,0.19768,0.017753,74.2559,0.196337,74.3097,87.0097,46211072,44560,0
rs16,128,160,systematic,1,101,online,1,128,128,1,2.59011,67.597,5.20155,4.48752,0.19768,0.017753,74.2559,0.196337,74.3097,201.31,46211072,44560,0
rs16,128,160,systematic,1,101,online_eager,0,128,128,1,2.59011,67.597,5.20155,4.37302,0.196764,3.1e-05,75.3315,0,79.9013,79.9013,46211072,44740,0
rs16,128,160,systematic,1,101,online_eager,0.1,128,128,1,2.59011,67.597,5.20155,4.37302,0.196764,3.1e-05,75.3315,0.195551,75.3671,88.0671,46211072,44740,0
rs16,128,160,systematic,1,101,online_eager,1,128,128,1,2.59011,67.597,5.20155,4.37302,0.196764,3.1e-05,75.3315,0.195551,75.3671,202.367,46211072,44740,0
rs16,128,160,systematic,1,102,batch,0,128,128,1,2.41201,67.5078,5.20642,4.45097,0.144535,0.01606,75.1181,0,79.7296,79.7296,46211072,44740,0
rs16,128,160,systematic,1,102,batch,0.1,128,128,1,2.41201,67.5078,5.20642,4.45097,0.144535,0.01606,75.1181,0,75.3132,88.0132,46211072,44740,0
rs16,128,160,systematic,1,102,batch,1,128,128,1,2.41201,67.5078,5.20642,4.45097,0.144535,0.01606,75.1181,0,75.3132,202.313,46211072,44740,0
rs16,128,160,systematic,1,102,online,0,128,128,1,2.41201,67.5078,5.20642,4.45097,0.144535,0.01606,75.1181,0,79.7296,79.7296,46211072,44740,0
rs16,128,160,systematic,1,102,online,0.1,128,128,1,2.41201,67.5078,5.20642,4.45097,0.144535,0.01606,75.1181,0.143142,75.17,87.87,46211072,44740,0
rs16,128,160,systematic,1,102,online,1,128,128,1,2.41201,67.5078,5.20642,4.45097,0.144535,0.01606,75.1181,0.143142,75.17,202.17,46211072,44740,0
rs16,128,160,systematic,1,102,online_eager,0,128,128,1,2.41201,67.5078,5.20642,4.38554,0.153749,0.000121,75.1506,0,79.6901,79.6901,46211072,44740,0
rs16,128,160,systematic,1,102,online_eager,0.1,128,128,1,2.41201,67.5078,5.20642,4.38554,0.153749,0.000121,75.1506,0.152387,75.1863,87.8863,46211072,44740,0
rs16,128,160,systematic,1,102,online_eager,1,128,128,1,2.41201,67.5078,5.20642,4.38554,0.153749,0.000121,75.1506,0.152387,75.1863,202.186,46211072,44740,0
rs16,128,160,systematic,1,103,batch,0,128,128,1,2.50749,67.7062,5.23265,4.6189,0.157139,0.021881,76.1678,0,80.9657,80.9657,46211072,44740,0
rs16,128,160,systematic,1,103,batch,0.1,128,128,1,2.50749,67.7062,5.23265,4.6189,0.157139,0.021881,76.1678,0,76.3846,89.0846,46211072,44740,0
rs16,128,160,systematic,1,103,batch,1,128,128,1,2.50749,67.7062,5.23265,4.6189,0.157139,0.021881,76.1678,0,76.3846,203.385,46211072,44740,0
rs16,128,160,systematic,1,103,online,0,128,128,1,2.50749,67.7062,5.23265,4.6189,0.157139,0.021881,76.1678,0,80.9657,80.9657,46211072,44740,0
rs16,128,160,systematic,1,103,online,0.1,128,128,1,2.50749,67.7062,5.23265,4.6189,0.157139,0.021881,76.1678,0.156017,76.2286,88.9286,46211072,44740,0
rs16,128,160,systematic,1,103,online,1,128,128,1,2.50749,67.7062,5.23265,4.6189,0.157139,0.021881,76.1678,0.156017,76.2286,203.229,46211072,44740,0
rs16,128,160,systematic,1,103,online_eager,0,128,128,1,2.50749,67.7062,5.23265,4.38215,0.206279,3e-05,74.4848,0,79.0733,79.0733,46211072,44804,0
rs16,128,160,systematic,1,103,online_eager,0.1,128,128,1,2.50749,67.7062,5.23265,4.38215,0.206279,3e-05,74.4848,0.204436,74.5204,87.2204,46211072,44804,0
rs16,128,160,systematic,1,103,online_eager,1,128,128,1,2.50749,67.7062,5.23265,4.38215,0.206279,3e-05,74.4848,0.204436,74.5204,201.52,46211072,44804,0
rlnc16,128,160,systematic,1,100,batch,0,128,128,1,0.01105,69.6026,5.95415,5.75173,0.124309,0.018104,75.3718,0,81.2659,81.2659,46211072,45204,1
rlnc16,128,160,systematic,1,100,batch,0.1,128,128,1,0.01105,69.6026,5.95415,5.75173,0.124309,0.018104,75.3718,0,75.5567,88.2567,46211072,45204,1
rlnc16,128,160,systematic,1,100,batch,1,128,128,1,0.01105,69.6026,5.95415,5.75173,0.124309,0.018104,75.3718,0,75.5567,202.557,46211072,45204,1
rlnc16,128,160,systematic,1,100,online,0,128,128,1,0.01105,69.6026,5.95415,5.75173,0.124309,0.018104,75.3718,0,81.2659,81.2659,46211072,45204,1
rlnc16,128,160,systematic,1,100,online,0.1,128,128,1,0.01105,69.6026,5.95415,5.75173,0.124309,0.018104,75.3718,0.123267,75.4335,88.1335,46211072,45204,1
rlnc16,128,160,systematic,1,100,online,1,128,128,1,0.01105,69.6026,5.95415,5.75173,0.124309,0.018104,75.3718,0.123267,75.4335,202.433,46211072,45204,1
rlnc16,128,160,systematic,1,100,online_eager,0,128,128,1,0.01105,69.6026,5.95415,4.41833,0.159812,0.000111,74.6621,0,79.2403,79.2403,46211072,45204,1
rlnc16,128,160,systematic,1,100,online_eager,0.1,128,128,1,0.01105,69.6026,5.95415,4.41833,0.159812,0.000111,74.6621,0.158229,74.6972,87.3972,46211072,45204,1
rlnc16,128,160,systematic,1,100,online_eager,1,128,128,1,0.01105,69.6026,5.95415,4.41833,0.159812,0.000111,74.6621,0.158229,74.6972,201.697,46211072,45204,1
rlnc16,128,160,systematic,1,101,batch,0,128,128,1,0.011432,69.0941,5.16311,4.5084,0.101311,0.013225,75.9498,0,80.5727,80.5727,46211072,45204,0
rlnc16,128,160,systematic,1,101,batch,0.1,128,128,1,0.011432,69.0941,5.16311,4.5084,0.101311,0.013225,75.9498,0,76.0998,88.7998,46211072,45204,0
rlnc16,128,160,systematic,1,101,batch,1,128,128,1,0.011432,69.0941,5.16311,4.5084,0.101311,0.013225,75.9498,0,76.0998,203.1,46211072,45204,0
rlnc16,128,160,systematic,1,101,online,0,128,128,1,0.011432,69.0941,5.16311,4.5084,0.101311,0.013225,75.9498,0,80.5727,80.5727,46211072,45204,0
rlnc16,128,160,systematic,1,101,online,0.1,128,128,1,0.011432,69.0941,5.16311,4.5084,0.101311,0.013225,75.9498,0.100369,75.9995,88.6995,46211072,45204,0
rlnc16,128,160,systematic,1,101,online,1,128,128,1,0.011432,69.0941,5.16311,4.5084,0.101311,0.013225,75.9498,0.100369,75.9995,202.999,46211072,45204,0
rlnc16,128,160,systematic,1,101,online_eager,0,128,128,1,0.011432,69.0941,5.16311,4.49916,0.146972,3.1e-05,74.8943,0,79.5404,79.5404,46211072,45204,0
rlnc16,128,160,systematic,1,101,online_eager,0.1,128,128,1,0.011432,69.0941,5.16311,4.49916,0.146972,3.1e-05,74.8943,0.145509,74.931,87.631,46211072,45204,0
rlnc16,128,160,systematic,1,101,online_eager,1,128,128,1,0.011432,69.0941,5.16311,4.49916,0.146972,3.1e-05,74.8943,0.145509,74.931,201.931,46211072,45204,0
rlnc16,128,160,systematic,1,102,batch,0,128,128,1,0.011191,68.0835,5.20634,4.55424,0.116818,0.012173,75.7726,0,80.4558,80.4558,46211072,45204,0
rlnc16,128,160,systematic,1,102,batch,0.1,128,128,1,0.011191,68.0835,5.20634,4.55424,0.116818,0.012173,75.7726,0,75.9375,88.6375,46211072,45204,0
rlnc16,128,160,systematic,1,102,batch,1,128,128,1,0.011191,68.0835,5.20634,4.55424,0.116818,0.012173,75.7726,0,75.9375,202.937,46211072,45204,0
rlnc16,128,160,systematic,1,102,online,0,128,128,1,0.011191,68.0835,5.20634,4.55424,0.116818,0.012173,75.7726,0,80.4558,80.4558,46211072,45204,0
rlnc16,128,160,systematic,1,102,online,0.1,128,128,1,0.011191,68.0835,5.20634,4.55424,0.116818,0.012173,75.7726,0.115957,75.8215,88.5215,46211072,45204,0
rlnc16,128,160,systematic,1,102,online,1,128,128,1,0.011191,68.0835,5.20634,4.55424,0.116818,0.012173,75.7726,0.115957,75.8215,202.822,46211072,45204,0
rlnc16,128,160,systematic,1,102,online_eager,0,128,128,1,0.011191,68.0835,5.20634,4.43149,0.142441,3e-05,78.6124,0,83.1864,83.1864,46211072,45204,0
rlnc16,128,160,systematic,1,102,online_eager,0.1,128,128,1,0.011191,68.0835,5.20634,4.43149,0.142441,3e-05,78.6124,0.141059,78.6476,91.3476,46211072,45204,0
rlnc16,128,160,systematic,1,102,online_eager,1,128,128,1,0.011191,68.0835,5.20634,4.43149,0.142441,3e-05,78.6124,0.141059,78.6476,205.648,46211072,45204,0
rlnc16,128,160,systematic,1,103,batch,0,128,128,1,0.018494,69.0311,5.42982,4.63598,0.094514,0.012423,74.7445,0,79.4874,79.4874,46211072,45204,0
rlnc16,128,160,systematic,1,103,batch,0.1,128,128,1,0.018494,69.0311,5.42982,4.63598,0.094514,0.012423,74.7445,0,74.888,87.588,46211072,45204,0
rlnc16,128,160,systematic,1,103,batch,1,128,128,1,0.018494,69.0311,5.42982,4.63598,0.094514,0.012423,74.7445,0,74.888,201.888,46211072,45204,0
rlnc16,128,160,systematic,1,103,online,0,128,128,1,0.018494,69.0311,5.42982,4.63598,0.094514,0.012423,74.7445,0,79.4874,79.4874,46211072,45204,0
rlnc16,128,160,systematic,1,103,online,0.1,128,128,1,0.018494,69.0311,5.42982,4.63598,0.094514,0.012423,74.7445,0.093513,74.7945,87.4945,46211072,45204,0
rlnc16,128,160,systematic,1,103,online,1,128,128,1,0.018494,69.0311,5.42982,4.63598,0.094514,0.012423,74.7445,0.093513,74.7945,201.794,46211072,45204,0
rlnc16,128,160,systematic,1,103,online_eager,0,128,128,1,0.018494,69.0311,5.42982,4.4398,0.151383,3e-05,75.059,0,79.6502,79.6502,46211072,45204,0
rlnc16,128,160,systematic,1,103,online_eager,0.1,128,128,1,0.018494,69.0311,5.42982,4.4398,0.151383,3e-05,75.059,0.149599,75.0959,87.7959,46211072,45204,0
rlnc16,128,160,systematic,1,103,online_eager,1,128,128,1,0.018494,69.0311,5.42982,4.4398,0.151383,3e-05,75.059,0.149599,75.0959,202.096,46211072,45204,0
rs16,128,160,random,1,100,batch,0,128,128,1,2.45844,69.846,5.77046,6.04391,25.1043,73.0329,76.339,0,180.52,180.52,46211072,44952,1
rs16,128,160,random,1,100,batch,0.1,128,128,1,2.45844,69.846,5.77046,6.04391,25.1043,73.0329,76.339,0,174.524,187.224,46211072,44952,1
rs16,128,160,random,1,100,batch,1,128,128,1,2.45844,69.846,5.77046,6.04391,25.1043,73.0329,76.339,0,174.524,301.524,46211072,44952,1
rs16,128,160,random,1,100,online,0,128,128,1,2.45844,69.846,5.77046,6.04391,25.1043,73.0329,76.339,0,180.52,180.52,46211072,44952,1
rs16,128,160,random,1,100,online,0.1,128,128,1,2.45844,69.846,5.77046,6.04391,25.1043,73.0329,76.339,7.3025,169.426,182.126,46211072,44952,1
rs16,128,160,random,1,100,online,1,128,128,1,2.45844,69.846,5.77046,6.04391,25.1043,73.0329,76.339,23.5512,150.973,277.973,46211072,44952,1
rs16,128,160,random,1,100,online_eager,0,128,128,1,2.45844,69.846,5.77046,4.60443,55.3617,4e-05,76.0558,0,136.022,136.022,46211072,45008,1
rs16,128,160,random,1,100,online_eager,0.1,128,128,1,2.45844,69.846,5.77046,4.60443,55.3617,4e-05,76.0558,10.1498,123.971,136.671,46211072,45008,1
rs16,128,160,random,1,100,online_eager,1,128,128,1,2.45844,69.846,5.77046,4.60443,55.3617,4e-05,76.0558,54.9322,76.5235,203.523,46211072,45008,1
rs16,128,160,random,1,101,batch,0,128,128,1,2.32442,68.7717,5.1123,4.72889,30.3356,73.4986,75.4829,0,184.046,184.046,46211072,45008,0
rs16,128,160,random,1,101,batch,0.1,128,128,1,2.32442,68.7717,5.1123,4.72889,30.3356,73.4986,75.4829,0,179.353,192.053,46211072,45008,0
rs16,128,160,random,1,101,batch,1,128,128,1,2.32442,68.7717,5.1123,4.72889,30.3356,73.4986,75.4829,0,179.353,306.353,46211072,45008,0
rs16,128,160,random,1,101,online,0,128,128,1,2.32442,68.7717,5.1123,4.72889,30.3356,73.4986,75.4829,0,184.046,184.046,46211072,45008,0
rs16,128,160,random,1,101,online,0.1,128,128,1,2.32442,68.7717,5.1123,4.72889,30.3356,73.4986,75.4829,7.50507,173.348,186.048,46211072,45008,0
rs16,128,160,random,1,101,online,1,128,128,1,2.32442,68.7717,5.1123,4.72889,30.3356,73.4986,75.4829,29.2028,150.186,277.186,46211072,45008,0
rs16,128,160,random,1,101,online_eager,0,128,128,1,2.32442,68.7717,5.1123,4.67713,57.0372,4e-05,76.9711,0,138.685,138.685,46211072,45008,0
rs16,128,160,random,1,101,online_eager,0.1,128,128,1,2.32442,68.7717,5.1123,4.67713,57.0372,4e-05,76.9711,10.2198,126.474,139.174,46211072,45008,0
rs16,128,160,random,1,101,online_eager,1,128,128,1,2.32442,68.7717,5.1123,4.67713,57.0372,4e-05,76.9711,55.041,79.0508,206.051,46211072,45008,0
rs16,128,160,random,1,102,batch,0,128,128,1,2.20679,69.0163,5.81629,4.58978,21.9195,69.0438,79.6799,0,175.233,175.233,46211072,45008,0
rs16,128,160,random,1,102,batch,0.1,128,128,1,2.20679,69.0163,5.81629,4.58978,21.9195,69.0438,79.6799,0,170.683,183.383,46211072,45008,0
rs16,128,160,random,1,102,batch,1,128,128,1,2.20679,69.0163,5.81629,4.58978,21.9195,69.0438,79.6799,0,170.683,297.683,46211072,45008,0
rs16,128,160,random,1,102,online,0,128,128,1,2.20679,69.0163,5.81629,4.58978,21.9195,69.0438,79.6799,0,175.233,175.233,46211072,45008,0
rs16,128,160,random,1,102,online,0.1,128,128,1,2.20679,69.0163,5.81629,4.58978,21.9195,69.0438,79.6799,7.22838,164.337,177.037,46211072,45008,0
rs16,128,160,random,1,102,online,1,128,128,1,2.20679,69.0163,5.81629,4.58978,21.9195,69.0438,79.6799,20.8483,149.834,276.834,46211072,45008,0
rs16,128,160,random,1,102,online_eager,0,128,128,1,2.20679,69.0163,5.81629,4.59515,49.8402,4e-05,73.5842,0,128.02,128.02,46211072,45008,0
rs16,128,160,random,1,102,online_eager,0.1,128,128,1,2.20679,69.0163,5.81629,4.59515,49.8402,4e-05,73.5842,10.5141,115.612,128.312,46211072,45008,0
rs16,128,160,random,1,102,online_eager,1,128,128,1,2.20679,69.0163,5.81629,4.59515,49.8402,4e-05,73.5842,46.4773,77.0649,204.065,46211072,45008,0
rs16,128,160,random,1,103,batch,0,128,128,1,2.56891,66.4863,5.47085,4.49603,30.7073,69.1092,74.859,0,179.172,179.172,46211072,45008,0
rs16,128,160,random,1,103,batch,0.1,128,128,1,2.56891,66.4863,5.47085,4.49603,30.7073,69.1092,74.859,0,174.716,187.416,46211072,45008,0
rs16,128,160,random,1,103,batch,1,128,128,1,2.56891,66.4863,5.47085,4.49603,30.7073,69.1092,74.859,0,174.716,301.716,46211072,45008,0
rs16,128,160,random,1,103,online,0,128,128,1,2.56891,66.4863,5.47085,4.49603,30.7073,69.1092,74.859,0,179.172,179.172,46211072,45008,0
rs16,128,160,random,1,103,online,0.1,128,128,1,2.56891,66.4863,5.47085,4.49603,30.7073,69.1092,74.859,7.16565,168.91,181.61,46211072,45008,0
rs16,128,160,random,1,103,online,1,128,128,1,2.56891,66.4863,5.47085,4.49603,30.7073,69.1092,74.859,28.9366,145.811,272.811,46211072,45008,0
rs16,128,160,random,1,103,online_eager,0,128,128,1,2.56891,66.4863,5.47085,4.62393,60.0994,0.000161,74.3634,0,139.087,139.087,46211072,45008,0
rs16,128,160,random,1,103,online_eager,0.1,128,128,1,2.56891,66.4863,5.47085,4.62393,60.0994,0.000161,74.3634,10.1538,127.054,139.754,46211072,45008,0
rs16,128,160,random,1,103,online_eager,1,128,128,1,2.56891,66.4863,5.47085,4.62393,60.0994,0.000161,74.3634,57.4002,77.1416,204.142,46211072,45008,0
rlnc16,128,160,random,1,100,batch,0,128,128,1,0.008596,67.9657,6.33551,5.94192,24.5807,71.1126,75.1091,0,176.744,176.744,46211072,45320,1
rlnc16,128,160,random,1,100,batch,0.1,128,128,1,0.008596,67.9657,6.33551,5.94192,24.5807,71.1126,75.1091,0,170.848,183.548,46211072,45320,1
rlnc16,128,160,random,1,100,batch,1,128,128,1,0.008596,67.9657,6.33551,5.94192,24.5807,71.1126,75.1091,0,170.848,297.848,46211072,45320,1
rlnc16,128,160,random,1,100,online,0,128,128,1,0.008596,67.9657,6.33551,5.94192,24.5807,71.1126,75.1091,0,176.744,176.744,46211072,45320,1
rlnc16,128,160,random,1,100,online,0.1,128,128,1,0.008596,67.9657,6.33551,5.94192,24.5807,71.1126,75.1091,7.51549,165.703,178.403,46211072,45320,1
rlnc16,128,160,random,1,100,online,1,128,128,1,0.008596,67.9657,6.33551,5.94192,24.5807,71.1126,75.1091,23.0348,147.813,274.813,46211072,45320,1
rlnc16,128,160,random,1,100,online_eager,0,128,128,1,0.008596,67.9657,6.33551,4.62751,53.6097,0.000191,74.3056,0,132.543,132.543,46211072,45320,1
rlnc16,128,160,random,1,100,online_eager,0.1,128,128,1,0.008596,67.9657,6.33551,4.62751,53.6097,0.000191,74.3056,10.1196,120.533,133.233,46211072,45320,1
rlnc16,128,160,random,1,100,online_eager,1,128,128,1,0.008596,67.9657,6.33551,4.62751,53.6097,0.000191,74.3056,53.1822,74.7744,201.774,46211072,45320,1
rlnc16,128,160,random,1,101,batch,0,128,128,1,0.011701,66.0891,5.44259,4.54176,29.5004,70.217,75.3867,0,179.646,179.646,46211072,45448,0
rlnc16,128,160,random,1,101,batch,0.1,128,128,1,0.011701,66.0891,5.44259,4.54176,29.5004,70.217,75.3867,0,175.14,187.84,46211072,45448,0
rlnc16,128,160,random,1,101,batch,1,128,128,1,0.011701,66.0891,5.44259,4.54176,29.5004,70.217,75.3867,0,175.14,302.14,46211072,45448,0
rlnc16,128,160,random,1,101,online,0,128,128,1,0.011701,66.0891,5.44259,4.54176,29.5004,70.217,75.3867,0,179.646,179.646,46211072,45448,0
rlnc16,128,160,random,1,101,online,0.1,128,128,1,0.011701,66.0891,5.44259,4.54176,29.5004,70.217,75.3867,7.05516,169.41,182.11,46211072,45448,0
rlnc16,128,160,random,1,101,online,1,128,128,1,0.011701,66.0891,5.44259,4.54176,29.5004,70.217,75.3867,28.3235,146.854,273.854,46211072,45448,0
rlnc16,128,160,random,1,101,online_eager,0,128,128,1,0.011701,66.0891,5.44259,4.73706,56.5248,4e-05,75.7395,0,137.001,137.001,46211072,45512,0
rlnc16,128,160,random,1,101,online_eager,0.1,128,128,1,0.011701,66.0891,5.44259,4.73706,56.5248,4e-05,75.7395,10.1794,124.796,137.496,46211072,45512,0
rlnc16,128,160,random,1,101,online_eager,1,128,128,1,0.011701,66.0891,5.44259,4.73706,56.5248,4e-05,75.7395,54.7063,77.6375,204.637,46211072,45512,0
rlnc16,128,160,random,1,102,batch,0,128,128,1,0.013765,67.5422,5.41807,4.51213,21.8723,68.3696,73.9635,0,168.718,168.718,46211072,45512,0
rlnc16,128,160,random,1,102,batch,0.1,128,128,1,0.013765,67.5422,5.41807,4.51213,21.8723,68.3696,73.9635,0,164.241,176.941,46211072,45512,0
rlnc16,128,160,random,1,102,batch,1,128,128,1,0.013765,67.5422,5.41807,4.51213,21.8723,68.3696,73.9635,0,164.241,291.241,46211072,45512,0
rlnc16,128,160,random,1,102,online,0,128,128,1,0.013765,67.5422,5.41807,4.51213,21.8723,68.3696,73.9635,0,168.718,168.718,46211072,45512,0
rlnc16,128,160,random,1,102,online,0.1,128,128,1,0.013765,67.5422,5.41807,4.51213,21.8723,68.3696,73.9635,7.08641,158.05,170.75,46211072,45512,0
rlnc16,128,160,random,1,102,online,1,128,128,1,0.013765,67.5422,5.41807,4.51213,21.8723,68.3696,73.9635,20.7864,143.454,270.454,46211072,45512,0
rlnc16,128,160,random,1,102,online_eager,0,128,128,1,0.013765,67.5422,5.41807,4.66048,50.1153,4e-05,77.5915,0,132.367,132.367,46211072,45512,0
rlnc16,128,160,random,1,102,online_eager,0.1,128,128,1,0.013765,67.5422,5.41807,4.66048,50.1153,4e-05,77.5915,10.5288,119.951,132.651,46211072,45512,0
rlnc16,128,160,random,1,102,online_eager,1,128,128,1,0.013765,67.5422,5.41807,4.66048,50.1153,4e-05,77.5915,46.6089,81.2185,208.219,46211072,45512,0
rlnc16,128,160,random,1,103,batch,0,128,128,1,0.011351,66.4683,5.52083,4.57817,30.4154,69.3561,75.5568,0,179.906,179.906,46211072,45512,0
rlnc16,128,160,random,1,103,batch,0.1,128,128,1,0.011351,66.4683,5.52083,4.57817,30.4154,69.3561,75.5568,0,175.371,188.071,46211072,45512,0
rlnc16,128,160,random,1,103,batch,1,128,128,1,0.011351,66.4683,5.52083,4.57817,30.4154,69.3561,75.5568,0,175.371,302.371,46211072,45512,0
rlnc16,128,160,random,1,103,online,0,128,128,1,0.011351,66.4683,5.52083,4.57817,30.4154,69.3561,75.5568,0,179.906,179.906,46211072,45512,0
rlnc16,128,160,random,1,103,online,0.1,128,128,1,0.011351,66.4683,5.52083,4.57817,30.4154,69.3561,75.5568,7.10775,169.629,182.329,46211072,45512,0
rlnc16,128,160,random,1,103,online,1,128,128,1,0.011351,66.4683,5.52083,4.57817,30.4154,69.3561,75.5568,28.6354,146.735,273.735,46211072,45512,0
rlnc16,128,160,random,1,103,online_eager,0,128,128,1,0.011351,66.4683,5.52083,4.67396,63.2599,4e-05,74.5199,0,142.454,142.454,46211072,45616,0
rlnc16,128,160,random,1,103,online_eager,0.1,128,128,1,0.011351,66.4683,5.52083,4.67396,63.2599,4e-05,74.5199,10.1285,130.401,143.101,46211072,45616,0
rlnc16,128,160,random,1,103,online_eager,1,128,128,1,0.011351,66.4683,5.52083,4.67396,63.2599,4e-05,74.5199,60.3764,77.4778,204.478,46211072,45616,0
rs16,128,160,parity_first,1,100,batch,0,128,128,1,2.86679,69.0943,5.89486,6.18943,58.695,131.883,75.4586,0,272.226,272.226,46211072,44832,1
rs16,128,160,parity_first,1,100,batch,0.1,128,128,1,2.86679,69.0943,5.89486,6.18943,58.695,131.883,75.4586,0,266.083,278.783,46211072,44832,1
rs16,128,160,parity_first,1,100,batch,1,128,128,1,2.86679,69.0943,5.89486,6.18943,58.695,131.883,75.4586,0,266.083,393.083,46211072,44832,1
rs16,128,160,parity_first,1,100,online,0,128,128,1,2.86679,69.0943,5.89486,6.18943,58.695,131.883,75.4586,0,272.226,272.226,46211072,44832,1
rs16,128,160,parity_first,1,100,online,0.1,128,128,1,2.86679,69.0943,5.89486,6.18943,58.695,131.883,75.4586,10.827,259.586,272.286,46211072,44832,1
rs16,128,160,parity_first,1,100,online,1,128,128,1,2.86679,69.0943,5.89486,6.18943,58.695,131.883,75.4586,58.1796,207.904,334.904,46211072,44832,1
rs16,128,160,parity_first,1,100,online_eager,0,128,128,1,2.86679,69.0943,5.89486,4.73223,67.8376,4.1e-05,73.9667,0,146.537,146.537,46211072,44984,1
rs16,128,160,parity_first,1,100,online_eager,0.1,128,128,1,2.86679,69.0943,5.89486,4.73223,67.8376,4.1e-05,73.9667,11.734,133.837,146.537,46211072,44984,1
rs16,128,160,parity_first,1,100,online_eager,1,128,128,1,2.86679,69.0943,5.89486,4.73223,67.8376,4.1e-05,73.9667,67.3071,74.5328,201.533,46211072,44984,1
rs16,128,160,parity_first,1,101,batch,0,128,128,1,2.62087,66.8689,5.2018,4.81472,58.3801,132.142,73.5078,0,268.844,268.844,46211072,44984,0
rs16,128,160,parity_first,1,101,batch,0.1,128,128,1,2.62087,66.8689,5.2018,4.81472,58.3801,132.142,73.5078,0,264.068,276.768,46211072,44984,0
rs16,128,160,parity_first,1,101,batch,1,128,128,1,2.62087,66.8689,5.2018,4.81472,58.3801,132.142,73.5078,0,264.068,391.068,46211072,44984,0
rs16,128,160,parity_first,1,101,online,0,128,128,1,2.62087,66.8689,5.2018,4.81472,58.3801,132.142,73.5078,0,268.844,268.844,46211072,44984,0
rs16,128,160,parity_first,1,101,online,0.1,128,128,1,2.62087,66.8689,5.2018,4.81472,58.3801,132.142,73.5078,11.3012,256.239,268.939,46211072,44984,0
rs16,128,160,parity_first,1,101,online,1,128,128,1,2.62087,66.8689,5.2018,4.81472,58.3801,132.142,73.5078,57.8641,206.203,333.203,46211072,44984,0
rs16,128,160,parity_first,1,101,online_eager,0,128,128,1,2.62087,66.8689,5.2018,4.6504,67.6492,4e-05,73.8847,0,146.184,146.184,46211072,45048,0
rs16,128,160,parity_first,1,101,online_eager,0.1,128,128,1,2.62087,66.8689,5.2018,4.6504,67.6492,4e-05,73.8847,11.7524,133.487,146.187,46211072,45048,0
rs16,128,160,parity_first,1,101,online_eager,1,128,128,1,2.62087,66.8689,5.2018,4.6504,67.6492,4e-05,73.8847,67.1238,74.4452,201.445,46211072,45048,0
rs16,128,160,parity_first,1,102,batch,0,128,128,1,2.33698,66.8204,5.4889,4.65283,58.706,129.61,74.2081,0,267.177,267.177,46211072,45048,0
rs16,128,160,parity_first,1,102,batch,0.1,128,128,1,2.33698,66.8204,5.4889,4.65283,58.706,129.61,74.2081,0,262.559,275.259,46211072,45048,0
rs16,128,160,parity_first,1,102,batch,1,128,128,1,2.33698,66.8204,5.4889,4.65283,58.706,129.61,74.2081,0,262.559,389.559,46211072,45048,0
rs16,128,160,parity_first,1,102,online,0,128,128,1,2.33698,66.8204,5.4889,4.65283,58.706,129.61,74.2081,0,267.177,267.177,46211072,45048,0
rs16,128,160,parity_first,1,102,online,0.1,128,128,1,2.33698,66.8204,5.4889,4.65283,58.706,129.61,74.2081,11.3001,254.569,267.269,46211072,45048,0
rs16,128,160,parity_first,1,102,online,1,128,128,1,2.33698,66.8204,5.4889,4.65283,58.706,129.61,74.2081,58.1916,204.368,331.368,46211072,45048,0
rs16,128,160,parity_first,1,102,online_eager,0,128,128,1,2.33698,66.8204,5.4889,4.75822,67.2029,0.000161,76.4682,0,148.43,148.43,46211072,45048,0
rs16,128,160,parity_first,1,102,online_eager,0.1,128,128,1,2.33698,66.8204,5.4889,4.75822,67.2029,0.000161,76.4682,11.7414,135.73,148.43,46211072,45048,0
rs16,128,160,parity_first,1,102,online_eager,1,128,128,1,2.33698,66.8204,5.4889,4.75822,67.2029,0.000161,76.4682,66.6728,77.0386,204.039,46211072,45048,0
rs16,128,160,parity_first,1,103,batch,0,128,128,1,2.23216,67.3189,5.28951,4.6984,59.5649,130.048,75.0485,0,269.36,269.36,46211072,45048,0
rs16,128,160,parity_first,1,103,batch,0.1,128,128,1,2.23216,67.3189,5.28951,4.6984,59.5649,130.048,75.0485,0,264.696,277.396,46211072,45048,0
rs16,128,160,parity_first,1,103,batch,1,128,128,1,2.23216,67.3189,5.28951,4.6984,59.5649,130.048,75.0485,0,264.696,391.696,46211072,45048,0
rs16,128,160,parity_first,1,103,online,0,128,128,1,2.23216,67.3189,5.28951,4.6984,59.5649,130.048,75.0485,0,269.36,269.36,46211072,45048,0
rs16,128,160,parity_first,1,103,online,0.1,128,128,1,2.23216,67.3189,5.28951,4.6984,59.5649,130.048,75.0485,11.2925,256.739,269.439,46211072,45048,0
rs16,128,160,parity_first,1,103,online,1,128,128,1,2.23216,67.3189,5.28951,4.6984,59.5649,130.048,75.0485,59.0512,205.645,332.645,46211072,45048,0
rs16,128,160,parity_first,1,103,online_eager,0,128,128,1,2.23216,67.3189,5.28951,4.79838,67.2268,0.000161,74.7751,0,146.8,146.8,46211072,45048,0
rs16,128,160,parity_first,1,103,online_eager,0.1,128,128,1,2.23216,67.3189,5.28951,4.79838,67.2268,0.000161,74.7751,11.721,134.105,146.805,46211072,45048,0
rs16,128,160,parity_first,1,103,online_eager,1,128,128,1,2.23216,67.3189,5.28951,4.79838,67.2268,0.000161,74.7751,66.6917,75.3508,202.351,46211072,45048,0
rlnc16,128,160,parity_first,1,100,batch,0,128,128,1,0.023474,73.3819,5.93253,6.10529,58.7304,132.758,79.4373,0,277.031,277.031,46211072,44748,1
rlnc16,128,160,parity_first,1,100,batch,0.1,128,128,1,0.023474,73.3819,5.93253,6.10529,58.7304,132.758,79.4373,0,270.971,283.671,46211072,44748,1
rlnc16,128,160,parity_first,1,100,batch,1,128,128,1,0.023474,73.3819,5.93253,6.10529,58.7304,132.758,79.4373,0,270.971,397.971,46211072,44748,1
rlnc16,128,160,parity_first,1,100,online,0,128,128,1,0.023474,73.3819,5.93253,6.10529,58.7304,132.758,79.4373,0,277.031,277.031,46211072,44748,1
rlnc16,128,160,parity_first,1,100,online,0.1,128,128,1,0.023474,73.3819,5.93253,6.10529,58.7304,132.758,79.4373,10.9853,264.399,277.099,46211072,44748,1
rlnc16,128,160,parity_first,1,100,online,1,128,128,1,0.023474,73.3819,5.93253,6.10529,58.7304,132.758,79.4373,58.2067,212.764,339.764,46211072,44748,1
rlnc16,128,160,parity_first,1,100,online_eager,0,128,128,1,0.023474,73.3819,5.93253,4.88038,68.0479,6e-05,74.5812,0,147.51,147.51,46211072,44748,1
rlnc16,128,160,parity_first,1,100,online_eager,0.1,128,128,1,0.023474,73.3819,5.93253,4.88038,68.0479,6e-05,74.5812,11.6936,134.81,147.51,46211072,44748,1
rlnc16,128,160,parity_first,1,100,online_eager,1,128,128,1,0.023474,73.3819,5.93253,4.88038,68.0479,6e-05,74.5812,67.5118,75.1581,202.158,46211072,44748,1
rlnc16,128,160,parity_first,1,101,batch,0,128,128,1,0.01069,67.7146,5.56151,4.77687,58.4086,131.256,75.288,0,269.729,269.729,46211072,44748,0
rlnc16,128,160,parity_first,1,101,batch,0.1,128,128,1,0.01069,67.7146,5.56151,4.77687,58.4086,131.256,75.288,0,264.987,277.687,46211072,44748,0
rlnc16,128,160,parity_first,1,101,batch,1,128,128,1,0.01069,67.7146,5.56151,4.77687,58.4086,131.256,75.288,0,264.987,391.987,46211072,44748,0
rlnc16,128,160,parity_first,1,101,online,0,128,128,1,0.01069,67.7146,5.56151,4.77687,58.4086,131.256,75.288,0,269.729,269.729,46211072,44748,0
rlnc16,128,160,parity_first,1,101,online,0.1,128,128,1,0.01069,67.7146,5.56151,4.77687,58.4086,131.256,75.288,11.2669,257.116,269.816,46211072,44748,0
rlnc16,128,160,parity_first,1,101,online,1,128,128,1,0.01069,67.7146,5.56151,4.77687,58.4086,131.256,75.288,57.8854,207.102,334.102,46211072,44748,0
rlnc16,128,160,parity_first,1,101,online_eager,0,128,128,1,0.01069,67.7146,5.56151,4.72354,67.988,0.00013,73.5645,0,146.276,146.276,46211072,44812,0
rlnc16,128,160,parity_first,1,101,online_eager,0.1,128,128,1,0.01069,67.7146,5.56151,4.72354,67.988,0.00013,73.5645,11.7648,133.577,146.277,46211072,44812,0
rlnc16,128,160,parity_first,1,101,online_eager,1,128,128,1,0.01069,67.7146,5.56151,4.72354,67.988,0.00013,73.5645,67.4472,74.1413,201.141,46211072,44812,0
rlnc16,128,160,parity_first,1,102,batch,0,128,128,1,0.016241,68.3046,5.55214,4.72266,58.1534,131.629,77.1544,0,271.66,271.66,46211072,45004,0
rlnc16,128,160,parity_first,1,102,batch,0.1,128,128,1,0.016241,68.3046,5.55214,4.72266,58.1534,131.629,77.1544,0,266.977,279.677,46211072,45004,0
rlnc16,128,160,parity_first,1,102,batch,1,128,128,1,0.016241,68.3046,5.55214,4.72266,58.1534,131.629,77.1544,0,266.977,393.977,46211072,45004,0
rlnc16,128,160,parity_first,1,102,online,0,128,128,1,0.016241,68.3046,5.55214,4.72266,58.1534,131.629,77.1544,0,271.66,271.66,46211072,45004,0
rlnc16,128,160,parity_first,1,102,online,0.1,128,128,1,0.016241,68.3046,5.55214,4.72266,58.1534,131.629,77.1544,11.298,259.048,271.748,46211072,45004,0
rlnc16,128,160,parity_first,1,102,online,1,128,128,1,0.016241,68.3046,5.55214,4.72266,58.1534,131.629,77.1544,57.6457,209.332,336.332,46211072,45004,0
rlnc16,128,160,parity_first,1,102,online_eager,0,128,128,1,0.016241,68.3046,5.55214,4.74375,68.5591,0.00023,77.2677,0,150.571,150.571,46211072,45048,0
rlnc16,128,160,parity_first,1,102,online_eager,0.1,128,128,1,0.016241,68.3046,5.55214,4.74375,68.5591,0.00023,77.2677,11.7546,137.872,150.572,46211072,45048,0
rlnc16,128,160,parity_first,1,102,online_eager,1,128,128,1,0.016241,68.3046,5.55214,4.74375,68.5591,0.00023,77.2677,68.031,77.8309,204.831,46211072,45048,0
rlnc16,128,160,parity_first,1,103,batch,0,128,128,1,0.015159,68.1925,5.24651,4.92719,58.9321,132.184,75.3274,0,271.37,271.37,46211072,45208,0
rlnc16,128,160,parity_first,1,103,batch,0.1,128,128,1,0.015159,68.1925,5.24651,4.92719,58.9321,132.184,75.3274,0,266.487,279.187,46211072,45208,0
rlnc16,128,160,parity_first,1,103,batch,1,128,128,1,0.015159,68.1925,5.24651,4.92719,58.9321,132.184,75.3274,0,266.487,393.487,46211072,45208,0
rlnc16,128,160,parity_first,1,103,online,0,128,128,1,0.015159,68.1925,5.24651,4.92719,58.9321,132.184,75.3274,0,271.37,271.37,46211072,45208,0
rlnc16,128,160,parity_first,1,103,online,0.1,128,128,1,0.015159,68.1925,5.24651,4.92719,58.9321,132.184,75.3274,11.2855,258.765,271.465,46211072,45208,0
rlnc16,128,160,parity_first,1,103,online,1,128,128,1,0.015159,68.1925,5.24651,4.92719,58.9321,132.184,75.3274,58.4104,208.077,335.077,46211072,45208,0
rlnc16,128,160,parity_first,1,103,online_eager,0,128,128,1,0.015159,68.1925,5.24651,4.7823,67.8714,0.000321,75.6746,0,148.329,148.329,46211072,45272,0
rlnc16,128,160,parity_first,1,103,online_eager,0.1,128,128,1,0.015159,68.1925,5.24651,4.7823,67.8714,0.000321,75.6746,11.7461,135.63,148.33,46211072,45272,0
rlnc16,128,160,parity_first,1,103,online_eager,1,128,128,1,0.015159,68.1925,5.24651,4.7823,67.8714,0.000321,75.6746,67.3311,76.2524,203.252,46211072,45272,0
rs16,128,160,withheld,1,100,batch,0,128,128,1,2.41613,68.8567,6.28353,5.724,8.62599,58.6747,76.0476,0,149.072,149.072,46211072,44960,1
rs16,128,160,withheld,1,100,batch,0.1,128,128,1,2.41613,68.8567,6.28353,5.724,8.62599,58.6747,76.0476,0,143.392,156.092,46211072,44960,1
rs16,128,160,withheld,1,100,batch,1,128,128,1,2.41613,68.8567,6.28353,5.724,8.62599,58.6747,76.0476,0,143.392,270.392,46211072,44960,1
rs16,128,160,withheld,1,100,online,0,128,128,1,2.41613,68.8567,6.28353,5.724,8.62599,58.6747,76.0476,0,149.072,149.072,46211072,44960,1
rs16,128,160,withheld,1,100,online,0.1,128,128,1,2.41613,68.8567,6.28353,5.724,8.62599,58.6747,76.0476,2.41115,141.609,154.309,46211072,44960,1
rs16,128,160,withheld,1,100,online,1,128,128,1,2.41613,68.8567,6.28353,5.724,8.62599,58.6747,76.0476,8.12016,135.272,262.272,46211072,44960,1
rs16,128,160,withheld,1,100,online_eager,0,128,128,1,2.41613,68.8567,6.28353,4.57251,66.7192,4e-05,73.993,0,145.285,145.285,46211072,45004,1
rs16,128,160,withheld,1,100,online_eager,0.1,128,128,1,2.41613,68.8567,6.28353,4.57251,66.7192,4e-05,73.993,3.14288,138.732,151.432,46211072,45004,1
rs16,128,160,withheld,1,100,online_eager,1,128,128,1,2.41613,68.8567,6.28353,4.57251,66.7192,4e-05,73.993,30.4941,110.832,237.832,46211072,45004,1
rs16,128,160,withheld,1,101,batch,0,128,128,1,2.60715,66.5753,5.49632,4.72538,10.4805,57.4572,74.8325,0,147.496,147.496,46211072,45004,0
rs16,128,160,withheld,1,101,batch,0.1,128,128,1,2.60715,66.5753,5.49632,4.72538,10.4805,57.4572,74.8325,0,142.805,155.505,46211072,45004,0
rs16,128,160,withheld,1,101,batch,1,128,128,1,2.60715,66.5753,5.49632,4.72538,10.4805,57.4572,74.8325,0,142.805,269.805,46211072,45004,0
rs16,128,160,withheld,1,101,online,0,128,128,1,2.60715,66.5753,5.49632,4.72538,10.4805,57.4572,74.8325,0,147.496,147.496,46211072,45004,0
rs16,128,160,withheld,1,101,online,0.1,128,128,1,2.60715,66.5753,5.49632,4.72538,10.4805,57.4572,74.8325,2.53896,140.785,153.485,46211072,45004,0
rs16,128,160,withheld,1,101,online,1,128,128,1,2.60715,66.5753,5.49632,4.72538,10.4805,57.4572,74.8325,9.97438,132.831,259.831,46211072,45004,0
rs16,128,160,withheld,1,101,online_eager,0,128,128,1,2.60715,66.5753,5.49632,4.5481,66.4018,0.00028,86.0644,0,157.015,157.015,46211072,45004,0
rs16,128,160,withheld,1,101,online_eager,0.1,128,128,1,2.60715,66.5753,5.49632,4.5481,66.4018,0.00028,86.0644,3.14261,150.502,163.202,46211072,45004,0
rs16,128,160,withheld,1,101,online_eager,1,128,128,1,2.60715,66.5753,5.49632,4.5481,66.4018,0.00028,86.0644,30.4872,122.602,249.602,46211072,45004,0
rs16,128,160,withheld,1,102,batch,0,128,128,1,2.61319,67.5851,5.49565,4.92123,8.72458,58.2431,76.2809,0,148.17,148.17,46211072,45004,0
rs16,128,160,withheld,1,102,batch,0.1,128,128,1,2.61319,67.5851,5.49565,4.92123,8.72458,58.2431,76.2809,0,143.286,155.986,46211072,45004,0
rs16,128,160,withheld,1,102,batch,1,128,128,1,2.61319,67.5851,5.49565,4.92123,8.72458,58.2431,76.2809,0,143.286,270.286,46211072,45004,0
rs16,128,160,withheld,1,102,online,0,128,128,1,2.61319,67.5851,5.49565,4.92123,8.72458,58.2431,76.2809,0,148.17,148.17,46211072,45004,0
rs16,128,160,withheld,1,102,online,0.1,128,128,1,2.61319,67.5851,5.49565,4.92123,8.72458,58.2431,76.2809,2.53134,141.282,153.982,46211072,45004,0
rs16,128,160,withheld,1,102,online,1,128,128,1,2.61319,67.5851,5.49565,4.92123,8.72458,58.2431,76.2809,8.2085,135.077,262.077,46211072,45004,0
rs16,128,160,withheld,1,102,online_eager,0,128,128,1,2.61319,67.5851,5.49565,4.56405,67.5524,4e-05,75.8514,0,147.968,147.968,46211072,45004,0
rs16,128,160,withheld,1,102,online_eager,0.1,128,128,1,2.61319,67.5851,5.49565,4.56405,67.5524,4e-05,75.8514,3.14202,141.391,154.091,46211072,45004,0
rs16,128,160,withheld,1,102,online_eager,1,128,128,1,2.61319,67.5851,5.49565,4.56405,67.5524,4e-05,75.8514,30.4829,113.491,240.491,46211072,45004,0
rs16,128,160,withheld,1,103,batch,0,128,128,1,2.19368,67.5043,5.2909,4.61383,8.67666,57.8211,75.733,0,146.845,146.845,46211072,45004,0
rs16,128,160,withheld,1,103,batch,0.1,128,128,1,2.19368,67.5043,5.2909,4.61383,8.67666,57.8211,75.733,0,142.266,154.966,46211072,45004,0
rs16,128,160,withheld,1,103,batch,1,128,128,1,2.19368,67.5043,5.2909,4.61383,8.67666,57.8211,75.733,0,142.266,269.266,46211072,45004,0
rs16,128,160,withheld,1,103,online,0,128,128,1,2.19368,67.5043,5.2909,4.61383,8.67666,57.8211,75.733,0,146.845,146.845,46211072,45004,0
rs16,128,160,withheld,1,103,online,0.1,128,128,1,2.19368,67.5043,5.2909,4.61383,8.67666,57.8211,75.733,2.56744,140.202,152.902,46211072,45004,0
rs16,128,160,withheld,1,103,online,1,128,128,1,2.19368,67.5043,5.2909,4.61383,8.67666,57.8211,75.733,8.1528,134.114,261.114,46211072,45004,0
rs16,128,160,withheld,1,103,online_eager,0,128,128,1,2.19368,67.5043,5.2909,4.54717,66.9793,4e-05,75.6982,0,147.225,147.225,46211072,45004,0
rs16,128,160,withheld,1,103,online_eager,0.1,128,128,1,2.19368,67.5043,5.2909,4.54717,66.9793,4e-05,75.6982,3.14247,140.716,153.416,46211072,45004,0
rs16,128,160,withheld,1,103,online_eager,1,128,128,1,2.19368,67.5043,5.2909,4.54717,66.9793,4e-05,75.6982,30.4687,112.816,239.816,46211072,45004,0
rlnc16,128,160,withheld,1,100,batch,0,128,128,1,0.010439,68.6686,6.16423,6.02895,8.60979,59.4104,75.1141,0,149.163,149.163,46211072,45228,1
rlnc16,128,160,withheld,1,100,batch,0.1,128,128,1,0.010439,68.6686,6.16423,6.02895,8.60979,59.4104,75.1141,0,143.181,155.881,46211072,45228,1
rlnc16,128,160,withheld,1,100,batch,1,128,128,1,0.010439,68.6686,6.16423,6.02895,8.60979,59.4104,75.1141,0,143.181,270.181,46211072,45228,1
rlnc16,128,160,withheld,1,100,online,0,128,128,1,0.010439,68.6686,6.16423,6.02895,8.60979,59.4104,75.1141,0,149.163,149.163,46211072,45228,1
rlnc16,128,160,withheld,1,100,online,0.1,128,128,1,0.010439,68.6686,6.16423,6.02895,8.60979,59.4104,75.1141,2.41373,141.412,154.112,46211072,45228,1
rlnc16,128,160,withheld,1,100,online,1,128,128,1,0.010439,68.6686,6.16423,6.02895,8.60979,59.4104,75.1141,8.09745,135.084,262.084,46211072,45228,1
rlnc16,128,160,withheld,1,100,online_eager,0,128,128,1,0.010439,68.6686,6.16423,4.77309,89.5944,4e-05,74.4153,0,168.783,168.783,46211072,45328,1
rlnc16,128,160,withheld,1,100,online_eager,0.1,128,128,1,0.010439,68.6686,6.16423,4.77309,89.5944,4e-05,74.4153,3.1745,162.25,174.95,46211072,45328,1
rlnc16,128,160,withheld,1,100,online_eager,1,128,128,1,0.010439,68.6686,6.16423,4.77309,89.5944,4e-05,74.4153,30.525,134.35,261.35,46211072,45328,1
rlnc16,128,160,withheld,1,101,batch,0,128,128,1,0.011833,66.6205,5.49872,5.12899,9.50332,57.1156,75.0098,0,146.758,146.758,46211072,45328,0
rlnc16,128,160,withheld,1,101,batch,0.1,128,128,1,0.011833,66.6205,5.49872,5.12899,9.50332,57.1156,75.0098,0,141.663,154.363,46211072,45328,0
rlnc16,128,160,withheld,1,101,batch,1,128,128,1,0.011833,66.6205,5.49872,5.12899,9.50332,57.1156,75.0098,0,141.663,268.663,46211072,45328,0
rlnc16,128,160,withheld,1,101,online,0,128,128,1,0.011833,66.6205,5.49872,5.12899,9.50332,57.1156,75.0098,0,146.758,146.758,46211072,45328,0
rlnc16,128,160,withheld,1,101,online,0.1,128,128,1,0.011833,66.6205,5.49872,5.12899,9.50332,57.1156,75.0098,2.58242,139.658,152.358,46211072,45328,0
rlnc16,128,160,withheld,1,101,online,1,128,128,1,0.011833,66.6205,5.49872,5.12899,9.50332,57.1156,75.0098,9.0009,132.663,259.663,46211072,45328,0
rlnc16,128,160,withheld,1,101,online_eager,0,128,128,1,0.011833,66.6205,5.49872,4.46806,65.9035,2e-05,75.4629,0,145.834,145.834,46211072,45328,0
rlnc16,128,160,withheld,1,101,online_eager,0.1,128,128,1,0.011833,66.6205,5.49872,4.46806,65.9035,2e-05,75.4629,3.16682,139.305,152.005,46211072,45328,0
rlnc16,128,160,withheld,1,101,online_eager,1,128,128,1,0.011833,66.6205,5.49872,4.46806,65.9035,2e-05,75.4629,30.5399,111.405,238.405,46211072,45328,0
rlnc16,128,160,withheld,1,102,batch,0,128,128,1,0.013325,66.2798,5.38629,4.50803,8.62256,57.8683,75.1743,0,146.173,146.173,46211072,45440,0
rlnc16,128,160,withheld,1,102,batch,0.1,128,128,1,0.013325,66.2798,5.38629,4.50803,8.62256,57.8683,75.1743,0,141.701,154.401,46211072,45440,0
rlnc16,128,160,withheld,1,102,batch,1,128,128,1,0.013325,66.2798,5.38629,4.50803,8.62256,57.8683,75.1743,0,141.701,268.701,46211072,45440,0
rlnc16,128,160,withheld,1,102,online,0,128,128,1,0.013325,66.2798,5.38629,4.50803,8.62256,57.8683,75.1743,0,146.173,146.173,46211072,45440,0
rlnc16,128,160,withheld,1,102,online,0.1,128,128,1,0.013325,66.2798,5.38629,4.50803,8.62256,57.8683,75.1743,2.56156,139.635,152.335,46211072,45440,0
rlnc16,128,160,withheld,1,102,online,1,128,128,1,0.013325,66.2798,5.38629,4.50803,8.62256,57.8683,75.1743,8.11896,133.582,260.582,46211072,45440,0
rlnc16,128,160,withheld,1,102,online_eager,0,128,128,1,0.013325,66.2798,5.38629,4.54285,66.2415,3e-05,74.8444,0,145.629,145.629,46211072,45472,0
rlnc16,128,160,withheld,1,102,online_eager,0.1,128,128,1,0.013325,66.2798,5.38629,4.54285,66.2415,3e-05,74.8444,3.19269,139.052,151.752,46211072,45472,0
rlnc16,128,160,withheld,1,102,online_eager,1,128,128,1,0.013325,66.2798,5.38629,4.54285,66.2415,3e-05,74.8444,30.5463,111.152,238.152,46211072,45472,0
rlnc16,128,160,withheld,1,103,batch,0,128,128,1,0.01041,67.1397,5.27354,4.6724,9.45443,58.8987,75.7971,0,148.823,148.823,46211072,45664,0
rlnc16,128,160,withheld,1,103,batch,0.1,128,128,1,0.01041,67.1397,5.27354,4.6724,9.45443,58.8987,75.7971,0,144.185,156.885,46211072,45664,0
rlnc16,128,160,withheld,1,103,batch,1,128,128,1,0.01041,67.1397,5.27354,4.6724,9.45443,58.8987,75.7971,0,144.185,271.185,46211072,45664,0
rlnc16,128,160,withheld,1,103,online,0,128,128,1,0.01041,67.1397,5.27354,4.6724,9.45443,58.8987,75.7971,0,148.823,148.823,46211072,45664,0
rlnc16,128,160,withheld,1,103,online,0.1,128,128,1,0.01041,67.1397,5.27354,4.6724,9.45443,58.8987,75.7971,2.57034,142.219,154.919,46211072,45664,0
rlnc16,128,160,withheld,1,103,online,1,128,128,1,0.01041,67.1397,5.27354,4.6724,9.45443,58.8987,75.7971,8.94067,135.245,262.245,46211072,45664,0
rlnc16,128,160,withheld,1,103,online_eager,0,128,128,1,0.01041,67.1397,5.27354,4.55216,68.0561,0.000141,77.0617,0,149.67,149.67,46211072,45664,0
rlnc16,128,160,withheld,1,103,online_eager,0.1,128,128,1,0.01041,67.1397,5.27354,4.55216,68.0561,0.000141,77.0617,3.1708,143.16,155.86,46211072,45664,0
rlnc16,128,160,withheld,1,103,online_eager,1,128,128,1,0.01041,67.1397,5.27354,4.55216,68.0561,0.000141,77.0617,30.4972,115.26,242.26,46211072,45664,0
rs16,32,36,parity_first,1,100,batch,0,32,32,1,0.108543,2.44535,1.75629,1.41257,2.15422,7.84013,3.83759,0,15.2445,15.2445,11014400,24784,1
rs16,32,36,parity_first,1,100,batch,0.1,32,32,1,0.108543,2.44535,1.75629,1.41257,2.15422,7.84013,3.83759,0,13.8818,16.9818,11014400,24784,1
rs16,32,36,parity_first,1,100,batch,1,32,32,1,0.108543,2.44535,1.75629,1.41257,2.15422,7.84013,3.83759,0,13.8818,44.8818,11014400,24784,1
rs16,32,36,parity_first,1,100,online,0,32,32,1,0.108543,2.44535,1.75629,1.41257,2.15422,7.84013,3.83759,0,15.2445,15.2445,11014400,24784,1
rs16,32,36,parity_first,1,100,online,0.1,32,32,1,0.108543,2.44535,1.75629,1.41257,2.15422,7.84013,3.83759,1.80503,12.2059,15.3059,11014400,24784,1
rs16,32,36,parity_first,1,100,online,1,32,32,1,0.108543,2.44535,1.75629,1.41257,2.15422,7.84013,3.83759,2.08436,11.7975,42.7975,11014400,24784,1
rs16,32,36,parity_first,1,100,online_eager,0,32,32,1,0.108543,2.44535,1.75629,1.32002,2.60335,3e-05,3.54914,0,7.47253,7.47253,11014400,24784,1
rs16,32,36,parity_first,1,100,online_eager,0.1,32,32,1,0.108543,2.44535,1.75629,1.32002,2.60335,3e-05,3.54914,2.01104,4.43283,7.53283,11014400,24784,1
rs16,32,36,parity_first,1,100,online_eager,1,32,32,1,0.108543,2.44535,1.75629,1.32002,2.60335,3e-05,3.54914,2.52261,3.66965,34.6697,11014400,24784,1
rs16,32,36,parity_first,1,101,batch,0,32,32,1,0.04275,2.08513,1.14208,1.32703,2.14181,7.89107,3.83606,0,15.196,15.196,11014400,24784,0
rs16,32,36,parity_first,1,101,batch,0.1,32,32,1,0.04275,2.08513,1.14208,1.32703,2.14181,7.89107,3.83606,0,13.918,17.018,11014400,24784,0
rs16,32,36,parity_first,1,101,batch,1,32,32,1,0.04275,2.08513,1.14208,1.32703,2.14181,7.89107,3.83606,0,13.918,44.918,11014400,24784,0
rs16,32,36,parity_first,1,101,online,0,32,32,1,0.04275,2.08513,1.14208,1.32703,2.14181,7.89107,3.83606,0,15.196,15.196,11014400,24784,0
rs16,32,36,parity_first,1,101,online,0.1,32,32,1,0.04275,2.08513,1.14208,1.32703,2.14181,7.89107,3.83606,1.86113,12.1806,15.2806,11014400,24784,0
rs16,32,36,parity_first,1,101,online,1,32,32,1,0.04275,2.08513,1.14208,1.32703,2.14181,7.89107,3.83606,2.07129,11.8467,42.8467,11014400,24784,0
rs16,32,36,parity_first,1,101,online_eager,0,32,32,1,0.04275,2.08513,1.14208,1.4624,2.60234,3e-05,3.6057,0,7.67048,7.67048,11014400,24784,0
rs16,32,36,parity_first,1,101,online_eager,0.1,32,32,1,0.04275,2.08513,1.14208,1.4624,2.60234,3e-05,3.6057,1.94404,4.62155,7.72155,11014400,24784,0
rs16,32,36,parity_first,1,101,online_eager,1,32,32,1,0.04275,2.08513,1.14208,1.4624,2.60234,3e-05,3.6057,2.52087,3.72989,34.7299,11014400,24784,0
rs16,32,36,parity_first,1,102,batch,0,32,32,1,0.041979,2.10622,1.13984,1.30728,2.15977,7.91172,3.66866,0,15.0474,15.0474,11014400,24784,0
rs16,32,36,parity_first,1,102,batch,0.1,32,32,1,0.041979,2.10622,1.13984,1.30728,2.15977,7.91172,3.66866,0,13.7798,16.8798,11014400,24784,0
rs16,32,36,parity_first,1,102,batch,1,32,32,1,0.041979,2.10622,1.13984,1.30728,2.15977,7.91172,3.66866,0,13.7798,44.7798,11014400,24784,0
rs16,32,36,parity_first,1,102,online,0,32,32,1,0.041979,2.10622,1.13984,1.30728,2.15977,7.91172,3.66866,0,15.0474,15.0474,11014400,24784,0
rs16,32,36,parity_first,1,102,online,0.1,32,32,1,0.041979,2.10622,1.13984,1.30728,2.15977,7.91172,3.66866,1.87411,12.0316,15.1316,11014400,24784,0
rs16,32,36,parity_first,1,102,online,1,32,32,1,0.041979,2.10622,1.13984,1.30728,2.15977,7.91172,3.66866,2.09065,11.6891,42.6891,11014400,24784,0
rs16,32,36,parity_first,1,102,online_eager,0,32,32,1,0.041979,2.10622,1.13984,1.37619,2.61704,3e-05,3.53083,0,7.5241,7.5241,11014400,24784,0
rs16,32,36,parity_first,1,102,online_eager,0.1,32,32,1,0.041979,2.10622,1.13984,1.37619,2.61704,3e-05,3.53083,1.96457,4.48318,7.58318,11014400,24784,0
rs16,32,36,parity_first,1,102,online_eager,1,32,32,1,0.041979,2.10622,1.13984,1.37619,2.61704,3e-05,3.53083,2.53482,3.65546,34.6555,11014400,24784,0
rs16,32,36,parity_first,1,103,batch,0,32,32,1,0.041719,2.08304,1.14128,1.34057,2.14515,7.91285,3.76979,0,15.1684,15.1684,11014400,24784,0
rs16,32,36,parity_first,1,103,batch,0.1,32,32,1,0.041719,2.08304,1.14128,1.34057,2.14515,7.91285,3.76979,0,13.868,16.968,11014400,24784,0
rs16,32,36,parity_first,1,103,batch,1,32,32,1,0.041719,2.08304,1.14128,1.34057,2.14515,7.91285,3.76979,0,13.868,44.868,11014400,24784,0
rs16,32,36,parity_first,1,103,online,0,32,32,1,0.041719,2.08304,1.14128,1.34057,2.14515,7.91285,3.76979,0,15.1684,15.1684,11014400,24784,0
rs16,32,36,parity_first,1,103,online,0.1,32,32,1,0.041719,2.08304,1.14128,1.34057,2.14515,7.91285,3.76979,1.85826,12.1499,15.2499,11014400,24784,0
rs16,32,36,parity_first,1,103,online,1,32,32,1,0.041719,2.08304,1.14128,1.34057,2.14515,7.91285,3.76979,2.0737,11.7943,42.7943,11014400,24784,0
rs16,32,36,parity_first,1,103,online_eager,0,32,32,1,0.041719,2.08304,1.14128,1.48992,2.60027,3e-05,3.60245,0,7.69266,7.69266,11014400,24784,0
rs16,32,36,parity_first,1,103,online_eager,0.1,32,32,1,0.041719,2.08304,1.14128,1.48992,2.60027,3e-05,3.60245,1.93293,4.64754,7.74754,11014400,24784,0
rs16,32,36,parity_first,1,103,online_eager,1,32,32,1,0.041719,2.08304,1.14128,1.48992,2.60027,3e-05,3.60245,2.51856,3.72751,34.7275,11014400,24784,0
rlnc16,32,36,parity_first,1,100,batch,0,32,32,1,0.003927,4.94187,3.33979,2.7795,4.44273,11.9232,3.62404,0,22.7695,22.7695,11014400,24784,1
rlnc16,32,36,parity_first,1,100,batch,0.1,32,32,1,0.003927,4.94187,3.33979,2.7795,4.44273,11.9232,3.62404,0,20.086,23.186,11014400,24784,1
rlnc16,32,36,parity_first,1,100,batch,1,32,32,1,0.003927,4.94187,3.33979,2.7795,4.44273,11.9232,3.62404,0,20.086,51.086,11014400,24784,1
rlnc16,32,36,parity_first,1,100,online,0,32,32,1,0.003927,4.94187,3.33979,2.7795,4.44273,11.9232,3.62404,0,22.7695,22.7695,11014400,24784,1
rlnc16,32,36,parity_first,1,100,online,0.1,32,32,1,0.003927,4.94187,3.33979,2.7795,4.44273,11.9232,3.62404,1.86464,19.6695,22.7695,11014400,24784,1
rlnc16,32,36,parity_first,1,100,online,1,32,32,1,0.003927,4.94187,3.33979,2.7795,4.44273,11.9232,3.62404,4.3026,15.7834,46.7834,11014400,24784,1
rlnc16,32,36,parity_first,1,100,online_eager,0,32,32,1,0.003927,4.94187,3.33979,1.37629,2.55401,3e-05,3.42008,0,7.35041,7.35041,11014400,24784,1
rlnc16,32,36,parity_first,1,100,online_eager,0.1,32,32,1,0.003927,4.94187,3.33979,1.37629,2.55401,3e-05,3.42008,1.95327,4.31091,7.41091,11014400,24784,1
rlnc16,32,36,parity_first,1,100,online_eager,1,32,32,1,0.003927,4.94187,3.33979,1.37629,2.55401,3e-05,3.42008,2.47498,3.53983,34.5398,11014400,24784,1
rlnc16,32,36,parity_first,1,101,batch,0,32,32,1,0.002314,2.1357,1.12039,1.27231,2.11472,7.85982,3.60392,0,14.8508,14.8508,11014400,24784,0
rlnc16,32,36,parity_first,1,101,batch,0.1,32,32,1,0.002314,2.1357,1.12039,1.27231,2.11472,7.85982,3.60392,0,13.6167,16.7167,11014400,24784,0
rlnc16,32,36,parity_first,1,101,batch,1,32,32,1,0.002314,2.1357,1.12039,1.27231,2.11472,7.85982,3.60392,0,13.6167,44.6167,11014400,24784,0
rlnc16,32,36,parity_first,1,101,online,0,32,32,1,0.002314,2.1357,1.12039,1.27231,2.11472,7.85982,3.60392,0,14.8508,14.8508,11014400,24784,0
rlnc16,32,36,parity_first,1,101,online,0.1,32,32,1,0.002314,2.1357,1.12039,1.27231,2.11472,7.85982,3.60392,1.85951,11.8371,14.9371,11014400,24784,0
rlnc16,32,36,parity_first,1,101,online,1,32,32,1,0.002314,2.1357,1.12039,1.27231,2.11472,7.85982,3.60392,2.04563,11.571,42.571,11014400,24784,0
rlnc16,32,36,parity_first,1,101,online_eager,0,32,32,1,0.002314,2.1357,1.12039,1.3311,2.60376,3e-05,3.46678,0,7.40167,7.40167,11014400,24784,0
rlnc16,32,36,parity_first,1,101,online_eager,0.1,32,32,1,0.002314,2.1357,1.12039,1.3311,2.60376,3e-05,3.46678,2.01032,4.35967,7.45967,11014400,24784,0
rlnc16,32,36,parity_first,1,101,online_eager,1,32,32,1,0.002314,2.1357,1.12039,1.3311,2.60376,3e-05,3.46678,2.52059,3.58903,34.589,11014400,24784,0
rlnc16,32,36,parity_first,1,102,batch,0,32,32,1,0.002114,2.0694,1.12651,1.30761,2.12317,7.85966,3.79984,0,15.0903,15.0903,11014400,24784,0
rlnc16,32,36,parity_first,1,102,batch,0.1,32,32,1,0.002114,2.0694,1.12651,1.30761,2.12317,7.85966,3.79984,0,13.8251,16.9251,11014400,24784,0
rlnc16,32,36,parity_first,1,102,batch,1,32,32,1,0.002114,2.0694,1.12651,1.30761,2.12317,7.85966,3.79984,0,13.8251,44.8251,11014400,24784,0
rlnc16,32,36,parity_first,1,102,online,0,32,32,1,0.002114,2.0694,1.12651,1.30761,2.12317,7.85966,3.79984,0,15.0903,15.0903,11014400,24784,0
rlnc16,32,36,parity_first,1,102,online,0.1,32,32,1,0.002114,2.0694,1.12651,1.30761,2.12317,7.85966,3.79984,1.84292,12.0751,15.1751,11014400,24784,0
rlnc16,32,36,parity_first,1,102,online,1,32,32,1,0.002114,2.0694,1.12651,1.30761,2.12317,7.85966,3.79984,2.05398,11.7711,42.7711,11014400,24784,0
rlnc16,32,36,parity_first,1,102,online_eager,0,32,32,1,0.002114,2.0694,1.12651,1.33254,2.59386,2e-05,3.48175,0,7.40817,7.40817,11014400,24784,0
rlnc16,32,36,parity_first,1,102,online_eager,0.1,32,32,1,0.002114,2.0694,1.12651,1.33254,2.59386,2e-05,3.48175,2.01508,4.36265,7.46265,11014400,24784,0
rlnc16,32,36,parity_first,1,102,online_eager,1,32,32,1,0.002114,2.0694,1.12651,1.33254,2.59386,2e-05,3.48175,2.513,3.6031,34.6031,11014400,24784,0
rlnc16,32,36,parity_first,1,103,batch,0,32,32,1,0.001603,2.07893,1.12334,1.29828,2.13246,7.85336,3.60491,0,14.889,14.889,11014400,24784,0
rlnc16,32,36,parity_first,1,103,batch,0.1,32,32,1,0.001603,2.07893,1.12334,1.29828,2.13246,7.85336,3.60491,0,13.6302,16.7302,11014400,24784,0
rlnc16,32,36,parity_first,1,103,batch,1,32,32,1,0.001603,2.07893,1.12334,1.29828,2.13246,7.85336,3.60491,0,13.6302,44.6302,11014400,24784,0
rlnc16,32,36,parity_first,1,103,online,0,32,32,1,0.001603,2.07893,1.12334,1.29828,2.13246,7.85336,3.60491,0,14.889,14.889,11014400,24784,0
rlnc16,32,36,parity_first,1,103,online,0.1,32,32,1,0.001603,2.07893,1.12334,1.29828,2.13246,7.85336,3.60491,1.84933,11.8706,14.9706,11014400,24784,0
rlnc16,32,36,parity_first,1,103,online,1,32,32,1,0.001603,2.07893,1.12334,1.29828,2.13246,7.85336,3.60491,2.06339,11.5668,42.5668,11014400,24784,0
rlnc16,32,36,parity_first,1,103,online_eager,0,32,32,1,0.001603,2.07893,1.12334,1.39183,3.00878,2e-05,3.57303,0,7.97367,7.97367,11014400,24784,0
rlnc16,32,36,parity_first,1,103,online_eager,0.1,32,32,1,0.001603,2.07893,1.12334,1.39183,3.00878,2e-05,3.57303,2.10108,4.91495,8.01495,11014400,24784,0
rlnc16,32,36,parity_first,1,103,online_eager,1,32,32,1,0.001603,2.07893,1.12334,1.39183,3.00878,2e-05,3.57303,2.92772,3.6953,34.6953,11014400,24784,0
rs16,32,48,parity_first,1,100,batch,0,32,32,1,0.214392,9.92165,2.18188,1.41189,6.78494,8.14826,10.4742,0,26.8193,26.8193,12588032,24784,1
rs16,32,48,parity_first,1,100,batch,0.1,32,32,1,0.214392,9.92165,2.18188,1.41189,6.78494,8.14826,10.4742,0,25.4525,28.5525,12588032,24784,1
rs16,32,48,parity_first,1,100,batch,1,32,32,1,0.214392,9.92165,2.18188,1.41189,6.78494,8.14826,10.4742,0,25.4525,56.4525,12588032,24784,1
rs16,32,48,parity_first,1,100,online,0,32,32,1,0.214392,9.92165,2.18188,1.41189,6.78494,8.14826,10.4742,0,26.8193,26.8193,12588032,24784,1
rs16,32,48,parity_first,1,100,online,0.1,32,32,1,0.214392,9.92165,2.18188,1.41189,6.78494,8.14826,10.4742,2.29623,23.791,26.891,12588032,24784,1
rs16,32,48,parity_first,1,100,online,1,32,32,1,0.214392,9.92165,2.18188,1.41189,6.78494,8.14826,10.4742,6.52758,18.9249,49.9249,12588032,24784,1
rs16,32,48,parity_first,1,100,online_eager,0,32,32,1,0.214392,9.92165,2.18188,1.33935,8.6459,3e-05,10.7794,0,20.7647,20.7647,12588032,24784,1
rs16,32,48,parity_first,1,100,online_eager,0.1,32,32,1,0.214392,9.92165,2.18188,1.33935,8.6459,3e-05,10.7794,2.51564,17.718,20.818,12588032,24784,1
rs16,32,48,parity_first,1,100,online_eager,1,32,32,1,0.214392,9.92165,2.18188,1.33935,8.6459,3e-05,10.7794,8.37628,11.0922,42.0922,12588032,24784,1
rs16,32,48,parity_first,1,101,batch,0,32,32,1,0.056386,8.25841,1.56042,1.33024,6.49674,8.05592,10.9937,0,26.8766,26.8766,12588032,24784,0
rs16,32,48,parity_first,1,101,batch,0.1,32,32,1,0.056386,8.25841,1.56042,1.33024,6.49674,8.05592,10.9937,0,25.5882,28.6882,12588032,24784,0
rs16,32,48,parity_first,1,101,batch,1,32,32,1,0.056386,8.25841,1.56042,1.33024,6.49674,8.05592,10.9937,0,25.5882,56.5882,12588032,24784,0
rs16,32,48,parity_first,1,101,online,0,32,32,1,0.056386,8.25841,1.56042,1.33024,6.49674,8.05592,10.9937,0,26.8766,26.8766,12588032,24784,0
rs16,32,48,parity_first,1,101,online,0.1,32,32,1,0.056386,8.25841,1.56042,1.33024,6.49674,8.05592,10.9937,2.32536,23.8583,26.9583,12588032,24784,0
rs16,32,48,parity_first,1,101,online,1,32,32,1,0.056386,8.25841,1.56042,1.33024,6.49674,8.05592,10.9937,6.23335,19.3549,50.3549,12588032,24784,0
rs16,32,48,parity_first,1,101,online_eager,0,32,32,1,0.056386,8.25841,1.56042,1.39367,8.64272,3e-05,10.2136,0,20.25,20.25,12588032,24784,0
rs16,32,48,parity_first,1,101,online_eager,0.1,32,32,1,0.056386,8.25841,1.56042,1.39367,8.64272,3e-05,10.2136,2.50102,17.2064,20.3064,12588032,24784,0
rs16,32,48,parity_first,1,101,online_eager,1,32,32,1,0.056386,8.25841,1.56042,1.39367,8.64272,3e-05,10.2136,8.36801,10.5367,41.5367,12588032,24784,0
rs16,32,48,parity_first,1,102,batch,0,32,32,1,0.091822,8.64688,1.56488,1.44806,6.46361,7.98001,11.8185,0,27.7102,27.7102,12588032,24784,0
rs16,32,48,parity_first,1,102,batch,0.1,32,32,1,0.091822,8.64688,1.56488,1.44806,6.46361,7.98001,11.8185,0,26.3117,29.4117,12588032,24784,0
rs16,32,48,parity_first,1,102,batch,1,32,32,1,0.091822,8.64688,1.56488,1.44806,6.46361,7.98001,11.8185,0,26.3117,57.3117,12588032,24784,0
rs16,32,48,parity_first,1,102,online,0,32,32,1,0.091822,8.64688,1.56488,1.44806,6.46361,7.98001,11.8185,0,27.7102,27.7102,12588032,24784,0
rs16,32,48,parity_first,1,102,online,0.1,32,32,1,0.091822,8.64688,1.56488,1.44806,6.46361,7.98001,11.8185,2.29317,24.6851,27.7851,12588032,24784,0
rs16,32,48,parity_first,1,102,online,1,32,32,1,0.091822,8.64688,1.56488,1.44806,6.46361,7.98001,11.8185,6.2004,20.1113,51.1113,12588032,24784,0
rs16,32,48,parity_first,1,102,online_eager,0,32,32,1,0.091822,8.64688,1.56488,1.34196,9.19537,9.1e-05,10.5498,0,21.0872,21.0872,12588032,24784,0
rs16,32,48,parity_first,1,102,online_eager,0.1,32,32,1,0.091822,8.64688,1.56488,1.34196,9.19537,9.1e-05,10.5498,2.54744,18.0451,21.1451,12588032,24784,0
rs16,32,48,parity_first,1,102,online_eager,1,32,32,1,0.091822,8.64688,1.56488,1.34196,9.19537,9.1e-05,10.5498,8.92396,10.8658,41.8658,12588032,24784,0
rs16,32,48,parity_first,1,103,batch,0,32,32,1,0.049232,8.6811,1.58003,1.41352,6.65076,8.23551,10.67,0,26.9698,26.9698,12588032,24784,0
rs16,32,48,parity_first,1,103,batch,0.1,32,32,1,0.049232,8.6811,1.58003,1.41352,6.65076,8.23551,10.67,0,25.6013,28.7013,12588032,24784,0
rs16,32,48,parity_first,1,103,batch,1,32,32,1,0.049232,8.6811,1.58003,1.41352,6.65076,8.23551,10.67,0,25.6013,56.6013,12588032,24784,0
rs16,32,48,parity_first,1,103,online,0,32,32,1,0.049232,8.6811,1.58003,1.41352,6.65076,8.23551,10.67,0,26.9698,26.9698,12588032,24784,0
rs16,32,48,parity_first,1,103,online,0.1,32,32,1,0.049232,8.6811,1.58003,1.41352,6.65076,8.23551,10.67,2.32957,23.9496,27.0496,12588032,24784,0
rs16,32,48,parity_first,1,103,online,1,32,32,1,0.049232,8.6811,1.58003,1.41352,6.65076,8.23551,10.67,6.38849,19.2128,50.2128,12588032,24784,0
rs16,32,48,parity_first,1,103,online_eager,0,32,32,1,0.049232,8.6811,1.58003,1.39414,9.30825,3e-05,10.3406,0,21.043,21.043,12588032,24784,0
rs16,32,48,parity_first,1,103,online_eager,0.1,32,32,1,0.049232,8.6811,1.58003,1.39414,9.30825,3e-05,10.3406,2.51543,17.9935,21.0935,12588032,24784,0
rs16,32,48,parity_first,1,103,online_eager,1,32,32,1,0.049232,8.6811,1.58003,1.39414,9.30825,3e-05,10.3406,9.03675,10.6655,41.6655,12588032,24784,0
rlnc16,32,48,parity_first,1,100,batch,0,32,32,1,0.006051,10.8523,2.27163,1.47522,6.39778,7.96259,10.3996,0,26.2352,26.2352,12588032,24784,1
rlnc16,32,48,parity_first,1,100,batch,0.1,32,32,1,0.006051,10.8523,2.27163,1.47522,6.39778,7.96259,10.3996,0,24.8058,27.9058,12588032,24784,1
rlnc16,32,48,parity_first,1,100,batch,1,32,32,1,0.006051,10.8523,2.27163,1.47522,6.39778,7.96259,10.3996,0,24.8058,55.8058,12588032,24784,1
rlnc16,32,48,parity_first,1,100,online,0,32,32,1,0.006051,10.8523,2.27163,1.47522,6.39778,7.96259,10.3996,0,26.2352,26.2352,12588032,24784,1
rlnc16,32,48,parity_first,1,100,online,0.1,32,32,1,0.006051,10.8523,2.27163,1.47522,6.39778,7.96259,10.3996,2.28209,23.1973,26.2973,12588032,24784,1
rlnc16,32,48,parity_first,1,100,online,1,32,32,1,0.006051,10.8523,2.27163,1.47522,6.39778,7.96259,10.3996,6.13699,18.6688,49.6688,12588032,24784,1
rlnc16,32,48,parity_first,1,100,online_eager,0,32,32,1,0.006051,10.8523,2.27163,1.41599,8.70893,4e-05,10.2117,0,20.3367,20.3367,12588032,24784,1
rlnc16,32,48,parity_first,1,100,online_eager,0.1,32,32,1,0.006051,10.8523,2.27163,1.41599,8.70893,4e-05,10.2117,2.50249,17.2894,20.3894,12588032,24784,1
rlnc16,32,48,parity_first,1,100,online_eager,1,32,32,1,0.006051,10.8523,2.27163,1.41599,8.70893,4e-05,10.2117,8.43866,10.5238,41.5238,12588032,24784,1
rlnc16,32,48,parity_first,1,101,batch,0,32,32,1,0.002966,8.23435,1.58271,1.50067,6.65445,8.63662,10.4078,0,27.1996,27.1996,12588032,24784,0
rlnc16,32,48,parity_first,1,101,batch,0.1,32,32,1,0.002966,8.23435,1.58271,1.50067,6.65445,8.63662,10.4078,0,25.7426,28.8426,12588032,24784,0
rlnc16,32,48,parity_first,1,101,batch,1,32,32,1,0.002966,8.23435,1.58271,1.50067,6.65445,8.63662,10.4078,0,25.7426,56.7426,12588032,24784,0
rlnc16,32,48,parity_first,1,101,online,0,32,32,1,0.002966,8.23435,1.58271,1.50067,6.65445,8.63662,10.4078,0,27.1996,27.1996,12588032,24784,0
rlnc16,32,48,parity_first,1,101,online,0.1,32,32,1,0.002966,8.23435,1.58271,1.50067,6.65445,8.63662,10.4078,2.29854,24.1794,27.2794,12588032,24784,0
rlnc16,32,48,parity_first,1,101,online,1,32,32,1,0.002966,8.23435,1.58271,1.50067,6.65445,8.63662,10.4078,6.39989,19.3427,50.3427,12588032,24784,0
rlnc16,32,48,parity_first,1,101,online_eager,0,32,32,1,0.002966,8.23435,1.58271,1.6021,9.28135,3e-05,10.2115,0,21.095,21.095,12588032,24784,0
rlnc16,32,48,parity_first,1,101,online_eager,0.1,32,32,1,0.002966,8.23435,1.58271,1.6021,9.28135,3e-05,10.2115,2.48849,18.0506,21.1506,12588032,24784,0
rlnc16,32,48,parity_first,1,101,online_eager,1,32,32,1,0.002966,8.23435,1.58271,1.6021,9.28135,3e-05,10.2115,9.00268,10.5391,41.5391,12588032,24784,0
rlnc16,32,48,parity_first,1,102,batch,0,32,32,1,0.003206,8.23244,1.63617,1.46348,6.41193,7.87719,10.4757,0,26.2283,26.2283,12588032,24784,0
rlnc16,32,48,parity_first,1,102,batch,0.1,32,32,1,0.003206,8.23244,1.63617,1.46348,6.41193,7.87719,10.4757,0,24.8129,27.9129,12588032,24784,0
rlnc16,32,48,parity_first,1,102,batch,1,32,32,1,0.003206,8.23244,1.63617,1.46348,6.41193,7.87719,10.4757,0,24.8129,55.8129,12588032,24784,0
rlnc16,32,48,parity_first,1,102,online,0,32,32,1,0.003206,8.23244,1.63617,1.46348,6.41193,7.87719,10.4757,0,26.2283,26.2283,12588032,24784,0
rlnc16,32,48,parity_first,1,102,online,0.1,32,32,1,0.003206,8.23244,1.63617,1.46348,6.41193,7.87719,10.4757,2.27254,23.2091,26.3091,12588032,24784,0
rlnc16,32,48,parity_first,1,102,online,1,32,32,1,0.003206,8.23244,1.63617,1.46348,6.41193,7.87719,10.4757,6.15773,18.6551,49.6551,12588032,24784,0
rlnc16,32,48,parity_first,1,102,online_eager,0,32,32,1,0.003206,8.23244,1.63617,1.38553,8.53738,3e-05,10.2934,0,20.2163,20.2163,12588032,24784,0
rlnc16,32,48,parity_first,1,102,online_eager,0.1,32,32,1,0.003206,8.23244,1.63617,1.38553,8.53738,3e-05,10.2934,2.48891,17.1639,20.2639,12588032,24784,0
rlnc16,32,48,parity_first,1,102,online_eager,1,32,32,1,0.003206,8.23244,1.63617,1.38553,8.53738,3e-05,10.2934,8.26965,10.6018,41.6018,12588032,24784,0
rlnc16,32,48,parity_first,1,103,batch,0,32,32,1,0.002886,8.23188,1.55586,1.37154,6.43507,7.91179,10.5131,0,26.2315,26.2315,12588032,24784,0
rlnc16,32,48,parity_first,1,103,batch,0.1,32,32,1,0.002886,8.23188,1.55586,1.37154,6.43507,7.91179,10.5131,0,24.9056,28.0056,12588032,24784,0
rlnc16,32,48,parity_first,1,103,batch,1,32,32,1,0.002886,8.23188,1.55586,1.37154,6.43507,7.91179,10.5131,0,24.9056,55.9056,12588032,24784,0
rlnc16,32,48,parity_first,1,103,online,0,32,32,1,0.002886,8.23188,1.55586,1.37154,6.43507,7.91179,10.5131,0,26.2315,26.2315,12588032,24784,0
rlnc16,32,48,parity_first,1,103,online,0.1,32,32,1,0.002886,8.23188,1.55586,1.37154,6.43507,7.91179,10.5131,2.30651,23.2112,26.3112,12588032,24784,0
rlnc16,32,48,parity_first,1,103,online,1,32,32,1,0.002886,8.23188,1.55586,1.37154,6.43507,7.91179,10.5131,6.17528,18.7303,49.7303,12588032,24784,0
rlnc16,32,48,parity_first,1,103,online_eager,0,32,32,1,0.002886,8.23188,1.55586,1.36521,8.49015,2e-05,10.1523,0,20.0077,20.0077,12588032,24784,0
rlnc16,32,48,parity_first,1,103,online_eager,0.1,32,32,1,0.002886,8.23188,1.55586,1.36521,8.49015,2e-05,10.1523,2.48949,16.9653,20.0653,12588032,24784,0
rlnc16,32,48,parity_first,1,103,online_eager,1,32,32,1,0.002886,8.23188,1.55586,1.36521,8.49015,2e-05,10.1523,8.22133,10.4622,41.4622,12588032,24784,0
rs16,32,64,parity_first,1,100,batch,0,32,32,1,0.192912,33.1677,2.65943,1.55358,9.24575,7.84427,20.9675,0,39.6111,39.6111,14686208,24784,1
rs16,32,64,parity_first,1,100,batch,0.1,32,32,1,0.192912,33.1677,2.65943,1.55358,9.24575,7.84427,20.9675,0,38.1103,41.2103,14686208,24784,1
rs16,32,64,parity_first,1,100,batch,1,32,32,1,0.192912,33.1677,2.65943,1.55358,9.24575,7.84427,20.9675,0,38.1103,69.1103,14686208,24784,1
rs16,32,64,parity_first,1,100,online,0,32,32,1,0.192912,33.1677,2.65943,1.55358,9.24575,7.84427,20.9675,0,39.6111,39.6111,14686208,24784,1
rs16,32,64,parity_first,1,100,online,0.1,32,32,1,0.192912,33.1677,2.65943,1.55358,9.24575,7.84427,20.9675,2.32166,36.5512,39.6512,14686208,24784,1
rs16,32,64,parity_first,1,100,online,1,32,32,1,0.192912,33.1677,2.65943,1.55358,9.24575,7.84427,20.9675,8.73827,29.3721,60.3721,14686208,24784,1
rs16,32,64,parity_first,1,100,online_eager,0,32,32,1,0.192912,33.1677,2.65943,1.33749,17.2263,3.1e-05,20.7463,0,39.3101,39.3101,14686208,24784,1
rs16,32,64,parity_first,1,100,online_eager,0.1,32,32,1,0.192912,33.1677,2.65943,1.33749,17.2263,3.1e-05,20.7463,2.53786,36.2522,39.3522,14686208,24784,1
rs16,32,64,parity_first,1,100,online_eager,1,32,32,1,0.192912,33.1677,2.65943,1.33749,17.2263,3.1e-05,20.7463,15.9264,22.0881,53.0881,14686208,24784,1
rs16,32,64,parity_first,1,101,batch,0,32,32,1,0.097473,17.0406,2.09278,1.39033,8.68732,7.98875,19.9092,0,37.9756,37.9756,14686208,24784,0
rs16,32,64,parity_first,1,101,batch,0.1,32,32,1,0.097473,17.0406,2.09278,1.39033,8.68732,7.98875,19.9092,0,36.6289,39.7289,14686208,24784,0
rs16,32,64,parity_first,1,101,batch,1,32,32,1,0.097473,17.0406,2.09278,1.39033,8.68732,7.98875,19.9092,0,36.6289,67.6289,14686208,24784,0
rs16,32,64,parity_first,1,101,online,0,32,32,1,0.097473,17.0406,2.09278,1.39033,8.68732,7.98875,19.9092,0,37.9756,37.9756,14686208,24784,0
rs16,32,64,parity_first,1,101,online,0.1,32,32,1,0.097473,17.0406,2.09278,1.39033,8.68732,7.98875,19.9092,2.29655,34.9543,38.0543,14686208,24784,0
rs16,32,64,parity_first,1,101,online,1,32,32,1,0.097473,17.0406,2.09278,1.39033,8.68732,7.98875,19.9092,8.15975,28.4692,59.4692,14686208,24784,0
rs16,32,64,parity_first,1,101,online_eager,0,32,32,1,0.097473,17.0406,2.09278,1.37518,16.5402,5e-05,19.6569,0,37.5723,37.5723,14686208,24784,0
rs16,32,64,parity_first,1,101,online_eager,0.1,32,32,1,0.097473,17.0406,2.09278,1.37518,16.5402,5e-05,19.6569,2.49579,34.5291,37.6291,14686208,24784,0
rs16,32,64,parity_first,1,101,online_eager,1,32,32,1,0.097473,17.0406,2.09278,1.37518,16.5402,5e-05,19.6569,15.4852,20.7556,51.7556,14686208,24784,0
rs16,32,64,parity_first,1,102,batch,0,32,32,1,0.071814,16.6709,2.4208,1.62603,8.77579,8.03318,19.9039,0,38.3389,38.3389,14686208,24784,0
rs16,32,64,parity_first,1,102,batch,0.1,32,32,1,0.071814,16.6709,2.4208,1.62603,8.77579,8.03318,19.9039,0,36.7567,39.8567,14686208,24784,0
rs16,32,64,parity_first,1,102,batch,1,32,32,1,0.071814,16.6709,2.4208,1.62603,8.77579,8.03318,19.9039,0,36.7567,67.7567,14686208,24784,0
rs16,32,64,parity_first,1,102,online,0,32,32,1,0.071814,16.6709,2.4208,1.62603,8.77579,8.03318,19.9039,0,38.3389,38.3389,14686208,24784,0
rs16,32,64,parity_first,1,102,online,0.1,32,32,1,0.071814,16.6709,2.4208,1.62603,8.77579,8.03318,19.9039,2.14406,35.2906,38.3906,14686208,24784,0
rs16,32,64,parity_first,1,102,online,1,32,32,1,0.071814,16.6709,2.4208,1.62603,8.77579,8.03318,19.9039,8.25934,28.4974,59.4974,14686208,24784,0
rs16,32,64,parity_first,1,102,online_eager,0,32,32,1,0.071814,16.6709,2.4208,1.34528,16.6115,4e-05,19.9079,0,37.8647,37.8647,14686208,24784,0
rs16,32,64,parity_first,1,102,online_eager,0.1,32,32,1,0.071814,16.6709,2.4208,1.34528,16.6115,4e-05,19.9079,2.5085,34.8186,37.9186,14686208,24784,0
rs16,32,64,parity_first,1,102,online_eager,1,32,32,1,0.071814,16.6709,2.4208,1.34528,16.6115,4e-05,19.9079,15.5195,21.0424,52.0424,14686208,24784,0
rs16,32,64,parity_first,1,103,batch,0,32,32,1,0.068048,16.8947,2.10357,1.38531,8.86888,8.00228,20.1387,0,38.3952,38.3952,14686208,24784,0
rs16,32,64,parity_first,1,103,batch,0.1,32,32,1,0.068048,16.8947,2.10357,1.38531,8.86888,8.00228,20.1387,0,37.0526,40.1526,14686208,24784,0
rs16,32,64,parity_first,1,103,batch,1,32,32,1,0.068048,16.8947,2.10357,1.38531,8.86888,8.00228,20.1387,0,37.0526,68.0526,14686208,24784,0
rs16,32,64,parity_first,1,103,online,0,32,32,1,0.068048,16.8947,2.10357,1.38531,8.86888,8.00228,20.1387,0,38.3952,38.3952,14686208,24784,0
rs16,32,64,parity_first,1,103,online,0.1,32,32,1,0.068048,16.8947,2.10357,1.38531,8.86888,8.00228,20.1387,2.29909,35.3661,38.4661,14686208,24784,0
rs16,32,64,parity_first,1,103,online,1,32,32,1,0.068048,16.8947,2.10357,1.38531,8.86888,8.00228,20.1387,8.35383,28.6988,59.6988,14686208,24784,0
rs16,32,64,parity_first,1,103,online_eager,0,32,32,1,0.068048,16.8947,2.10357,1.37417,16.5814,3e-05,19.7816,0,37.7372,37.7372,14686208,24784,0
rs16,32,64,parity_first,1,103,online_eager,0.1,32,32,1,0.068048,16.8947,2.10357,1.37417,16.5814,3e-05,19.7816,2.50854,34.6789,37.7789,14686208,24784,0
rs16,32,64,parity_first,1,103,online_eager,1,32,32,1,0.068048,16.8947,2.10357,1.37417,16.5814,3e-05,19.7816,15.5458,20.8596,51.8596,14686208,24784,0
rlnc16,32,64,parity_first,1,100,batch,0,32,32,1,0.003687,17.1909,2.6455,1.39077,8.79589,7.92308,19.4793,0,37.5891,37.5891,14686208,24784,1
rlnc16,32,64,parity_first,1,100,batch,0.1,32,32,1,0.003687,17.1909,2.6455,1.39077,8.79589,7.92308,19.4793,0,36.2429,39.3429,14686208,24784,1
rlnc16,32,64,parity_first,1,100,batch,1,32,32,1,0.003687,17.1909,2.6455,1.39077,8.79589,7.92308,19.4793,0,36.2429,67.2429,14686208,24784,1
rlnc16,32,64,parity_first,1,100,online,0,32,32,1,0.003687,17.1909,2.6455,1.39077,8.79589,7.92308,19.4793,0,37.5891,37.5891,14686208,24784,1
rlnc16,32,64,parity_first,1,100,online,0.1,32,32,1,0.003687,17.1909,2.6455,1.39077,8.79589,7.92308,19.4793,2.29921,34.5592,37.6592,14686208,24784,1
rlnc16,32,64,parity_first,1,100,online,1,32,32,1,0.003687,17.1909,2.6455,1.39077,8.79589,7.92308,19.4793,8.27097,27.9719,58.9719,14686208,24784,1
rlnc16,32,64,parity_first,1,100,online_eager,0,32,32,1,0.003687,17.1909,2.6455,1.3751,16.5316,4e-05,19.2526,0,37.1594,37.1594,14686208,24784,1
rlnc16,32,64,parity_first,1,100,online_eager,0.1,32,32,1,0.003687,17.1909,2.6455,1.3751,16.5316,4e-05,19.2526,2.49058,34.1134,37.2134,14686208,24784,1
rlnc16,32,64,parity_first,1,100,online_eager,1,32,32,1,0.003687,17.1909,2.6455,1.3751,16.5316,4e-05,19.2526,15.4988,20.3308,51.3308,14686208,24784,1
rlnc16,32,64,parity_first,1,101,batch,0,32,32,1,0.003928,16.4998,2.19295,1.41593,8.57006,8.00717,19.3238,0,37.3169,37.3169,14686208,24784,0
rlnc16,32,64,parity_first,1,101,batch,0.1,32,32,1,0.003928,16.4998,2.19295,1.41593,8.57006,8.00717,19.3238,0,35.9434,39.0434,14686208,24784,0
rlnc16,32,64,parity_first,1,101,batch,1,32,32,1,0.003928,16.4998,2.19295,1.41593,8.57006,8.00717,19.3238,0,35.9434,66.9434,14686208,24784,0
rlnc16,32,64,parity_first,1,101,online,0,32,32,1,0.003928,16.4998,2.19295,1.41593,8.57006,8.00717,19.3238,0,37.3169,37.3169,14686208,24784,0
rlnc16,32,64,parity_first,1,101,online,0.1,32,32,1,0.003928,16.4998,2.19295,1.41593,8.57006,8.00717,19.3238,2.25582,34.2901,37.3901,14686208,24784,0
rlnc16,32,64,parity_first,1,101,online,1,32,32,1,0.003928,16.4998,2.19295,1.41593,8.57006,8.00717,19.3238,8.05204,27.8914,58.8914,14686208,24784,0
rlnc16,32,64,parity_first,1,101,online_eager,0,32,32,1,0.003928,16.4998,2.19295,1.47292,17.8365,0.00014,20.0241,0,39.3336,39.3336,14686208,24784,0
rlnc16,32,64,parity_first,1,101,online_eager,0.1,32,32,1,0.003928,16.4998,2.19295,1.47292,17.8365,0.00014,20.0241,2.51317,36.2862,39.3862,14686208,24784,0
rlnc16,32,64,parity_first,1,101,online_eager,1,32,32,1,0.003928,16.4998,2.19295,1.47292,17.8365,0.00014,20.0241,15.7566,22.157,53.157,14686208,24784,0
rlnc16,32,64,parity_first,1,102,batch,0,32,32,1,0.003918,16.6596,2.18211,1.42729,8.62542,7.99687,19.8285,0,37.8781,37.8781,14686208,24784,0
rlnc16,32,64,parity_first,1,102,batch,0.1,32,32,1,0.003918,16.6596,2.18211,1.42729,8.62542,7.99687,19.8285,0,36.4941,39.5941,14686208,24784,0
rlnc16,32,64,parity_first,1,102,batch,1,32,32,1,0.003918,16.6596,2.18211,1.42729,8.62542,7.99687,19.8285,0,36.4941,67.4941,14686208,24784,0
rlnc16,32,64,parity_first,1,102,online,0,32,32,1,0.003918,16.6596,2.18211,1.42729,8.62542,7.99687,19.8285,0,37.8781,37.8781,14686208,24784,0
rlnc16,32,64,parity_first,1,102,online,0.1,32,32,1,0.003918,16.6596,2.18211,1.42729,8.62542,7.99687,19.8285,2.27243,34.8487,37.9487,14686208,24784,0
rlnc16,32,64,parity_first,1,102,online,1,32,32,1,0.003918,16.6596,2.18211,1.42729,8.62542,7.99687,19.8285,8.10853,28.3856,59.3856,14686208,24784,0
rlnc16,32,64,parity_first,1,102,online_eager,0,32,32,1,0.003918,16.6596,2.18211,1.37059,16.5687,3e-05,19.8158,0,37.7551,37.7551,14686208,24784,0
rlnc16,32,64,parity_first,1,102,online_eager,0.1,32,32,1,0.003918,16.6596,2.18211,1.37059,16.5687,3e-05,19.8158,2.51095,34.7125,37.8125,14686208,24784,0
rlnc16,32,64,parity_first,1,102,online_eager,1,32,32,1,0.003918,16.6596,2.18211,1.37059,16.5687,3e-05,19.8158,15.4849,20.9457,51.9457,14686208,24784,0
rlnc16,32,64,parity_first,1,103,batch,0,32,32,1,0.004098,16.7341,2.12283,1.38308,8.63507,7.95833,20.2136,0,38.1901,38.1901,14686208,24784,0
rlnc16,32,64,parity_first,1,103,batch,0.1,32,32,1,0.004098,16.7341,2.12283,1.38308,8.63507,7.95833,20.2136,0,36.8493,39.9493,14686208,24784,0
rlnc16,32,64,parity_first,1,103,batch,1,32,32,1,0.004098,16.7341,2.12283,1.38308,8.63507,7.95833,20.2136,0,36.8493,67.8493,14686208,24784,0
rlnc16,32,64,parity_first,1,103,online,0,32,32,1,0.004098,16.7341,2.12283,1.38308,8.63507,7.95833,20.2136,0,38.1901,38.1901,14686208,24784,0
rlnc16,32,64,parity_first,1,103,online,0.1,32,32,1,0.004098,16.7341,2.12283,1.38308,8.63507,7.95833,20.2136,2.29282,35.1689,38.2689,14686208,24784,0
rlnc16,32,64,parity_first,1,103,online,1,32,32,1,0.004098,16.7341,2.12283,1.38308,8.63507,7.95833,20.2136,8.11152,28.7378,59.7378,14686208,24784,0
rlnc16,32,64,parity_first,1,103,online_eager,0,32,32,1,0.004098,16.7341,2.12283,1.35111,16.5325,0.00011,19.766,0,37.6497,37.6497,14686208,24784,0
rlnc16,32,64,parity_first,1,103,online_eager,0.1,32,32,1,0.004098,16.7341,2.12283,1.35111,16.5325,0.00011,19.766,2.50975,34.6059,37.7059,14686208,24784,0
rlnc16,32,64,parity_first,1,103,online_eager,1,32,32,1,0.004098,16.7341,2.12283,1.35111,16.5325,0.00011,19.766,15.4738,20.8664,51.8664,14686208,24784,0
rs16,32,40,systematic,4,100,batch,0,32,32,1,0.067326,4.81918,3.61611,5.53498,0.080111,0.004859,22.2473,0,27.8673,27.8673,24128000,24784,1
rs16,32,40,systematic,4,100,batch,0.1,32,32,1,0.067326,4.81918,3.61611,5.53498,0.080111,0.004859,22.2473,0,24.7673,27.8673,24128000,24784,1
rs16,32,40,systematic,4,100,batch,1,32,32,1,0.067326,4.81918,3.61611,5.53498,0.080111,0.004859,22.2473,0,22.4961,53.4961,24128000,24784,1
rs16,32,40,systematic,4,100,online,0,32,32,1,0.067326,4.81918,3.61611,5.53498,0.080111,0.004859,22.2473,0,27.8673,27.8673,24128000,24784,1
rs16,32,40,systematic,4,100,online,0.1,32,32,1,0.067326,4.81918,3.61611,5.53498,0.080111,0.004859,22.2473,0.042963,24.7673,27.8673,24128000,24784,1
rs16,32,40,systematic,4,100,online,1,32,32,1,0.067326,4.81918,3.61611,5.53498,0.080111,0.004859,22.2473,0.077655,22.4184,53.4184,24128000,24784,1
rs16,32,40,systematic,4,100,online_eager,0,32,32,1,0.067326,4.81918,3.61611,5.25636,0.094822,0.0001,22.0762,0,27.4275,27.4275,24128000,24784,1
rs16,32,40,systematic,4,100,online_eager,0.1,32,32,1,0.067326,4.81918,3.61611,5.25636,0.094822,0.0001,22.0762,0.053414,24.3275,27.4275,24128000,24784,1
rs16,32,40,systematic,4,100,online_eager,1,32,32,1,0.067326,4.81918,3.61611,5.25636,0.094822,0.0001,22.0762,0.091736,22.2433,53.2433,24128000,24784,1
rs16,32,40,systematic,4,101,batch,0,32,32,1,0.054642,4.23337,1.28665,5.3665,0.090429,0.004208,22.2047,0,27.6658,27.6658,24128000,24784,0
rs16,32,40,systematic,4,101,batch,0.1,32,32,1,0.054642,4.23337,1.28665,5.3665,0.090429,0.004208,22.2047,0,24.5658,27.6658,24128000,24784,0
rs16,32,40,systematic,4,101,batch,1,32,32,1,0.054642,4.23337,1.28665,5.3665,0.090429,0.004208,22.2047,0,22.4666,53.4666,24128000,24784,0
rs16,32,40,systematic,4,101,online,0,32,32,1,0.054642,4.23337,1.28665,5.3665,0.090429,0.004208,22.2047,0,27.6658,27.6658,24128000,24784,0
rs16,32,40,systematic,4,101,online,0.1,32,32,1,0.054642,4.23337,1.28665,5.3665,0.090429,0.004208,22.2047,0.051392,24.5658,27.6658,24128000,24784,0
rs16,32,40,systematic,4,101,online,1,32,32,1,0.054642,4.23337,1.28665,5.3665,0.090429,0.004208,22.2047,0.087624,22.379,53.379,24128000,24784,0
rs16,32,40,systematic,4,101,online_eager,0,32,32,1,0.054642,4.23337,1.28665,5.26971,0.106838,0.00014,22.2172,0,27.5939,27.5939,24128000,24784,0
rs16,32,40,systematic,4,101,online_eager,0.1,32,32,1,0.054642,4.23337,1.28665,5.26971,0.106838,0.00014,22.2172,0.0602,24.4939,27.5939,24128000,24784,0
rs16,32,40,systematic,4,101,online_eager,1,32,32,1,0.054642,4.23337,1.28665,5.26971,0.106838,0.00014,22.2172,0.103182,22.3841,53.3841,24128000,24784,0
rs16,32,40,systematic,4,102,batch,0,32,32,1,0.061716,4.14421,1.29612,5.37448,0.090253,0.005049,22.2274,0,27.6971,27.6971,24128000,24784,0
rs16,32,40,systematic,4,102,batch,0.1,32,32,1,0.061716,4.14421,1.29612,5.37448,0.090253,0.005049,22.2274,0,24.5971,27.6971,24128000,24784,0
rs16,32,40,systematic,4,102,batch,1,32,32,1,0.061716,4.14421,1.29612,5.37448,0.090253,0.005049,22.2274,0,22.4992,53.4992,24128000,24784,0
rs16,32,40,systematic,4,102,online,0,32,32,1,0.061716,4.14421,1.29612,5.37448,0.090253,0.005049,22.2274,0,27.6971,27.6971,24128000,24784,0
rs16,32,40,systematic,4,102,online,0.1,32,32,1,0.061716,4.14421,1.29612,5.37448,0.090253,0.005049,22.2274,0.050834,24.5971,27.6971,24128000,24784,0
rs16,32,40,systematic,4,102,online,1,32,32,1,0.061716,4.14421,1.29612,5.37448,0.090253,0.005049,22.2274,0.087407,22.4118,53.4118,24128000,24784,0
rs16,32,40,systematic,4,102,online_eager,0,32,32,1,0.061716,4.14421,1.29612,5.31259,0.103966,0.00014,22.2331,0,27.6498,27.6498,24128000,24784,0
rs16,32,40,systematic,4,102,online_eager,0.1,32,32,1,0.061716,4.14421,1.29612,5.31259,0.103966,0.00014,22.2331,0.056873,24.5498,27.6498,24128000,24784,0
rs16,32,40,systematic,4,102,online_eager,1,32,32,1,0.061716,4.14421,1.29612,5.31259,0.103966,0.00014,22.2331,0.100501,22.4016,53.4016,24128000,24784,0
rs16,32,40,systematic,4,103,batch,0,32,32,1,0.066024,4.16019,1.28791,5.39458,0.08963,0.00563,22.3982,0,27.8881,27.8881,24128000,24784,0
rs16,32,40,systematic,4,103,batch,0.1,32,32,1,0.066024,4.16019,1.28791,5.39458,0.08963,0.00563,22.3982,0,24.7881,27.8881,24128000,24784,0
rs16,32,40,systematic,4,103,batch,1,32,32,1,0.066024,4.16019,1.28791,5.39458,0.08963,0.00563,22.3982,0,22.6605,53.6605,24128000,24784,0
rs16,32,40,systematic,4,103,online,0,32,32,1,0.066024,4.16019,1.28791,5.39458,0.08963,0.00563,22.3982,0,27.8881,27.8881,24128000,24784,0
rs16,32,40,systematic,4,103,online,0.1,32,32,1,0.066024,4.16019,1.28791,5.39458,0.08963,0.00563,22.3982,0.050234,24.7881,27.8881,24128000,24784,0
rs16,32,40,systematic,4,103,online,1,32,32,1,0.066024,4.16019,1.28791,5.39458,0.08963,0.00563,22.3982,0.086675,22.5738,53.5738,24128000,24784,0
rs16,32,40,systematic,4,103,online_eager,0,32,32,1,0.066024,4.16019,1.28791,5.28203,0.107312,0.00013,22.4159,0,27.8054,27.8054,24128000,24784,0
rs16,32,40,systematic,4,103,online_eager,0.1,32,32,1,0.066024,4.16019,1.28791,5.28203,0.107312,0.00013,22.4159,0.059342,24.7054,27.8054,24128000,24784,0
rs16,32,40,systematic,4,103,online_eager,1,32,32,1,0.066024,4.16019,1.28791,5.28203,0.107312,0.00013,22.4159,0.103745,22.5826,53.5826,24128000,24784,0
rlnc16,32,40,systematic,4,100,batch,0,32,32,1,0.004649,9.47708,4.04164,11.3246,0.189356,0.008226,34.5571,0,46.0793,46.0793,24128000,24976,1
rlnc16,32,40,systematic,4,100,batch,0.1,32,32,1,0.004649,9.47708,4.04164,11.3246,0.189356,0.008226,34.5571,0,42.9793,46.0793,24128000,24976,1
rlnc16,32,40,systematic,4,100,batch,1,32,32,1,0.004649,9.47708,4.04164,11.3246,0.189356,0.008226,34.5571,0,35.1519,66.1519,24128000,24976,1
rlnc16,32,40,systematic,4,100,online,0,32,32,1,0.004649,9.47708,4.04164,11.3246,0.189356,0.008226,34.5571,0,46.0793,46.0793,24128000,24976,1
rlnc16,32,40,systematic,4,100,online,0.1,32,32,1,0.004649,9.47708,4.04164,11.3246,0.189356,0.008226,34.5571,0.046069,42.9793,46.0793,24128000,24976,1
rlnc16,32,40,systematic,4,100,online,1,32,32,1,0.004649,9.47708,4.04164,11.3246,0.189356,0.008226,34.5571,0.165682,34.9862,65.9862,24128000,24976,1
rlnc16,32,40,systematic,4,100,online_eager,0,32,32,1,0.004649,9.47708,4.04164,5.44609,0.096977,0.00037,22.1935,0,27.737,27.737,24128000,24976,1
rlnc16,32,40,systematic,4,100,online_eager,0.1,32,32,1,0.004649,9.47708,4.04164,5.44609,0.096977,0.00037,22.1935,0.050999,24.637,27.737,24128000,24976,1
rlnc16,32,40,systematic,4,100,online_eager,1,32,32,1,0.004649,9.47708,4.04164,5.44609,0.096977,0.00037,22.1935,0.093721,22.3616,53.3616,24128000,24976,1
rlnc16,32,40,systematic,4,101,batch,0,32,32,1,0.002204,4.15317,1.30265,5.43814,0.082599,0.006613,22.3409,0,27.8683,27.8683,24128000,24976,0
rlnc16,32,40,systematic,4,101,batch,0.1,32,32,1,0.002204,4.15317,1.30265,5.43814,0.082599,0.006613,22.3409,0,24.7683,27.8683,24128000,24976,0
rlnc16,32,40,systematic,4,101,batch,1,32,32,1,0.002204,4.15317,1.30265,5.43814,0.082599,0.006613,22.3409,0,22.599,53.599,24128000,24976,0
rlnc16,32,40,systematic,4,101,online,0,32,32,1,0.002204,4.15317,1.30265,5.43814,0.082599,0.006613,22.3409,0,27.8683,27.8683,24128000,24976,0
rlnc16,32,40,systematic,4,101,online,0.1,32,32,1,0.002204,4.15317,1.30265,5.43814,0.082599,0.006613,22.3409,0.044413,24.7683,27.8683,24128000,24976,0
rlnc16,32,40,systematic,4,101,online,1,32,32,1,0.002204,4.15317,1.30265,5.43814,0.082599,0.006613,22.3409,0.079915,22.5191,53.5191,24128000,24976,0
rlnc16,32,40,systematic,4,101,online_eager,0,32,32,1,0.002204,4.15317,1.30265,5.38631,0.096223,0.00011,22.9472,0,28.4299,28.4299,24128000,24976,0
rlnc16,32,40,systematic,4,101,online_eager,0.1,32,32,1,0.002204,4.15317,1.30265,5.38631,0.096223,0.00011,22.9472,0.051114,25.3299,28.4299,24128000,24976,0
rlnc16,32,40,systematic,4,101,online_eager,1,32,32,1,0.002204,4.15317,1.30265,5.38631,0.096223,0.00011,22.9472,0.092887,23.1163,54.1163,24128000,24976,0
rlnc16,32,40,systematic,4,102,batch,0,32,32,1,0.002004,4.18023,1.30817,5.52102,0.083221,0.004459,22.2689,0,27.8776,27.8776,24128000,24976,0
rlnc16,32,40,systematic,4,102,batch,0.1,32,32,1,0.002004,4.18023,1.30817,5.52102,0.083221,0.004459,22.2689,0,24.7776,27.8776,24128000,24976,0
rlnc16,32,40,systematic,4,102,batch,1,32,32,1,0.002004,4.18023,1.30817,5.52102,0.083221,0.004459,22.2689,0,22.5292,53.5292,24128000,24976,0
rlnc16,32,40,systematic,4,102,online,0,32,32,1,0.002004,4.18023,1.30817,5.52102,0.083221,0.004459,22.2689,0,27.8776,27.8776,24128000,24976,0
rlnc16,32,40,systematic,4,102,online,0.1,32,32,1,0.002004,4.18023,1.30817,5.52102,0.083221,0.004459,22.2689,0.044638,24.7776,27.8776,24128000,24976,0
rlnc16,32,40,systematic,4,102,online,1,32,32,1,0.002004,4.18023,1.30817,5.52102,0.083221,0.004459,22.2689,0.080526,22.4486,53.4486,24128000,24976,0
rlnc16,32,40,systematic,4,102,online_eager,0,32,32,1,0.002004,4.18023,1.30817,5.41118,0.097566,0.000532,22.2224,0,27.7317,27.7317,24128000,24976,0
rlnc16,32,40,systematic,4,102,online_eager,0.1,32,32,1,0.002004,4.18023,1.30817,5.41118,0.097566,0.000532,22.2224,0.050867,24.6317,27.7317,24128000,24976,0
rlnc16,32,40,systematic,4,102,online_eager,1,32,32,1,0.002004,4.18023,1.30817,5.41118,0.097566,0.000532,22.2224,0.0943,22.398,53.398,24128000,24976,0
rlnc16,32,40,systematic,4,103,batch,0,32,32,1,0.002244,4.15638,1.28836,5.45136,0.083807,0.004728,22.1912,0,27.7311,27.7311,24128000,24976,0
rlnc16,32,40,systematic,4,103,batch,0.1,32,32,1,0.002244,4.15638,1.28836,5.45136,0.083807,0.004728,22.1912,0,24.6311,27.7311,24128000,24976,0
rlnc16,32,40,systematic,4,103,batch,1,32,32,1,0.002244,4.15638,1.28836,5.45136,0.083807,0.004728,22.1912,0,22.453,53.453,24128000,24976,0
rlnc16,32,40,systematic,4,103,online,0,32,32,1,0.002244,4.15638,1.28836,5.45136,0.083807,0.004728,22.1912,0,27.7311,27.7311,24128000,24976,0
rlnc16,32,40,systematic,4,103,online,0.1,32,32,1,0.002244,4.15638,1.28836,5.45136,0.083807,0.004728,22.1912,0.045916,24.6311,27.7311,24128000,24976,0
rlnc16,32,40,systematic,4,103,online,1,32,32,1,0.002244,4.15638,1.28836,5.45136,0.083807,0.004728,22.1912,0.080923,22.372,53.372,24128000,24976,0
rlnc16,32,40,systematic,4,103,online_eager,0,32,32,1,0.002244,4.15638,1.28836,5.3334,0.096159,0.00051,22.2704,0,27.7004,27.7004,24128000,24976,0
rlnc16,32,40,systematic,4,103,online_eager,0.1,32,32,1,0.002244,4.15638,1.28836,5.3334,0.096159,0.00051,22.2704,0.051804,24.6004,27.7004,24128000,24976,0
rlnc16,32,40,systematic,4,103,online_eager,1,32,32,1,0.002244,4.15638,1.28836,5.3334,0.096159,0.00051,22.2704,0.092893,22.4425,53.4425,24128000,24976,0
rs16,32,40,parity_first,4,100,batch,0,32,32,1,0.117431,9.16145,3.6662,7.74687,19.1748,34.4281,22.5008,0,83.8506,83.8506,24128000,24976,1
rs16,32,40,parity_first,4,100,batch,0.1,32,32,1,0.117431,9.16145,3.6662,7.74687,19.1748,34.4281,22.5008,0,80.7506,83.8506,24128000,24976,1
rs16,32,40,parity_first,4,100,batch,1,32,32,1,0.117431,9.16145,3.6662,7.74687,19.1748,34.4281,22.5008,0,76.2801,107.28,24128000,24976,1
rs16,32,40,parity_first,4,100,online,0,32,32,1,0.117431,9.16145,3.6662,7.74687,19.1748,34.4281,22.5008,0,83.8506,83.8506,24128000,24976,1
rs16,32,40,parity_first,4,100,online,0.1,32,32,1,0.117431,9.16145,3.6662,7.74687,19.1748,34.4281,22.5008,1.62242,80.7506,83.8506,24128000,24976,1
rs16,32,40,parity_first,4,100,online,1,32,32,1,0.117431,9.16145,3.6662,7.74687,19.1748,34.4281,22.5008,18.6611,57.6191,88.6191,24128000,24976,1
rs16,32,40,parity_first,4,100,online_eager,0,32,32,1,0.117431,9.16145,3.6662,5.55259,18.4705,0.000161,22.4899,0,46.5132,46.5132,24128000,24976,1
rs16,32,40,parity_first,4,100,online_eager,0.1,32,32,1,0.117431,9.16145,3.6662,5.55259,18.4705,0.000161,22.4899,2.08397,43.4132,46.5132,24128000,24976,1
rs16,32,40,parity_first,4,100,online_eager,1,32,32,1,0.117431,9.16145,3.6662,5.55259,18.4705,0.000161,22.4899,17.8864,23.245,54.245,24128000,24976,1
rs16,32,40,parity_first,4,101,batch,0,32,32,1,0.056115,4.27454,1.30466,5.54424,15.0468,32.2653,23.0432,0,75.8995,75.8995,24128000,24976,0
rs16,32,40,parity_first,4,101,batch,0.1,32,32,1,0.056115,4.27454,1.30466,5.54424,15.0468,32.2653,23.0432,0,72.7995,75.8995,24128000,24976,0
rs16,32,40,parity_first,4,101,batch,1,32,32,1,0.056115,4.27454,1.30466,5.54424,15.0468,32.2653,23.0432,0,70.5299,101.53,24128000,24976,0
rs16,32,40,parity_first,4,101,online,0,32,32,1,0.056115,4.27454,1.30466,5.54424,15.0468,32.2653,23.0432,0,75.8995,75.8995,24128000,24976,0
rs16,32,40,parity_first,4,101,online,0.1,32,32,1,0.056115,4.27454,1.30466,5.54424,15.0468,32.2653,23.0432,1.87668,72.7995,75.8995,24128000,24976,0
rs16,32,40,parity_first,4,101,online,1,32,32,1,0.056115,4.27454,1.30466,5.54424,15.0468,32.2653,23.0432,14.526,56.0038,87.0038,24128000,24976,0
rs16,32,40,parity_first,4,101,online_eager,0,32,32,1,0.056115,4.27454,1.30466,5.65846,18.4198,0.00016,22.6119,0,46.6904,46.6904,24128000,24976,0
rs16,32,40,parity_first,4,101,online_eager,0.1,32,32,1,0.056115,4.27454,1.30466,5.65846,18.4198,0.00016,22.6119,2.02615,43.5904,46.6904,24128000,24976,0
rs16,32,40,parity_first,4,101,online_eager,1,32,32,1,0.056115,4.27454,1.30466,5.65846,18.4198,0.00016,22.6119,17.8336,23.37,54.37,24128000,24976,0
rs16,32,40,parity_first,4,102,batch,0,32,32,1,0.055504,4.17819,1.30955,5.57317,15.1795,32.303,23.2078,0,76.2635,76.2635,24128000,24976,0
rs16,32,40,parity_first,4,102,batch,0.1,32,32,1,0.055504,4.17819,1.30955,5.57317,15.1795,32.303,23.2078,0,73.1635,76.2635,24128000,24976,0
rs16,32,40,parity_first,4,102,batch,1,32,32,1,0.055504,4.17819,1.30955,5.57317,15.1795,32.303,23.2078,0,70.862,101.862,24128000,24976,0
rs16,32,40,parity_first,4,102,online,0,32,32,1,0.055504,4.17819,1.30955,5.57317,15.1795,32.303,23.2078,0,76.2635,76.2635,24128000,24976,0
rs16,32,40,parity_first,4,102,online,0.1,32,32,1,0.055504,4.17819,1.30955,5.57317,15.1795,32.303,23.2078,1.88295,73.1635,76.2635,24128000,24976,0
rs16,32,40,parity_first,4,102,online,1,32,32,1,0.055504,4.17819,1.30955,5.57317,15.1795,32.303,23.2078,14.6585,56.2035,87.2035,24128000,24976,0
rs16,32,40,parity_first,4,102,online_eager,0,32,32,1,0.055504,4.17819,1.30955,5.72076,18.3929,0.000161,22.6248,0,46.7387,46.7387,24128000,24976,0
rs16,32,40,parity_first,4,102,online_eager,0.1,32,32,1,0.055504,4.17819,1.30955,5.72076,18.3929,0.000161,22.6248,2.09706,43.6387,46.7387,24128000,24976,0
rs16,32,40,parity_first,4,102,online_eager,1,32,32,1,0.055504,4.17819,1.30955,5.72076,18.3929,0.000161,22.6248,17.8047,23.3841,54.3841,24128000,24976,0
rs16,32,40,parity_first,4,103,batch,0,32,32,1,0.052328,4.17228,1.29624,5.71719,15.245,32.4071,23.2027,0,76.572,76.572,24128000,24976,0
rs16,32,40,parity_first,4,103,batch,0.1,32,32,1,0.052328,4.17228,1.29624,5.71719,15.245,32.4071,23.2027,0,73.472,76.572,24128000,24976,0
rs16,32,40,parity_first,4,103,batch,1,32,32,1,0.052328,4.17228,1.29624,5.71719,15.245,32.4071,23.2027,0,71.0274,102.027,24128000,24976,0
rs16,32,40,parity_first,4,103,online,0,32,32,1,0.052328,4.17228,1.29624,5.71719,15.245,32.4071,23.2027,0,76.572,76.572,24128000,24976,0
rs16,32,40,parity_first,4,103,online,0.1,32,32,1,0.052328,4.17228,1.29624,5.71719,15.245,32.4071,23.2027,1.85034,73.472,76.572,24128000,24976,0
rs16,32,40,parity_first,4,103,online,1,32,32,1,0.052328,4.17228,1.29624,5.71719,15.245,32.4071,23.2027,14.719,56.3084,87.3084,24128000,24976,0
rs16,32,40,parity_first,4,103,online_eager,0,32,32,1,0.052328,4.17228,1.29624,5.75637,18.3815,0.00017,22.4789,0,46.6169,46.6169,24128000,24976,0
rs16,32,40,parity_first,4,103,online_eager,0.1,32,32,1,0.052328,4.17228,1.29624,5.75637,18.3815,0.00017,22.4789,1.99903,43.5169,46.6169,24128000,24976,0
rs16,32,40,parity_first,4,103,online_eager,1,32,32,1,0.052328,4.17228,1.29624,5.75637,18.3815,0.00017,22.4789,17.7673,23.2873,54.2873,24128000,24976,0
rlnc16,32,40,parity_first,4,100,batch,0,32,32,1,0.002174,4.52712,1.85489,5.59185,14.889,31.8532,22.7542,0,75.0881,75.0881,24128000,24976,1
rlnc16,32,40,parity_first,4,100,batch,0.1,32,32,1,0.002174,4.52712,1.85489,5.59185,14.889,31.8532,22.7542,0,71.9881,75.0881,24128000,24976,1
rlnc16,32,40,parity_first,4,100,batch,1,32,32,1,0.002174,4.52712,1.85489,5.59185,14.889,31.8532,22.7542,0,69.6657,100.666,24128000,24976,1
rlnc16,32,40,parity_first,4,100,online,0,32,32,1,0.002174,4.52712,1.85489,5.59185,14.889,31.8532,22.7542,0,75.0881,75.0881,24128000,24976,1
rlnc16,32,40,parity_first,4,100,online,0.1,32,32,1,0.002174,4.52712,1.85489,5.59185,14.889,31.8532,22.7542,1.87155,71.9881,75.0881,24128000,24976,1
rlnc16,32,40,parity_first,4,100,online,1,32,32,1,0.002174,4.52712,1.85489,5.59185,14.889,31.8532,22.7542,14.3724,55.2933,86.2933,24128000,24976,1
rlnc16,32,40,parity_first,4,100,online_eager,0,32,32,1,0.002174,4.52712,1.85489,5.78886,18.8696,0.000302,22.7401,0,47.3988,47.3988,24128000,24976,1
rlnc16,32,40,parity_first,4,100,online_eager,0.1,32,32,1,0.002174,4.52712,1.85489,5.78886,18.8696,0.000302,22.7401,2.05706,44.2988,47.3988,24128000,24976,1
rlnc16,32,40,parity_first,4,100,online_eager,1,32,32,1,0.002174,4.52712,1.85489,5.78886,18.8696,0.000302,22.7401,18.2818,23.502,54.502,24128000,24976,1
rlnc16,32,40,parity_first,4,101,batch,0,32,32,1,0.002415,4.26628,1.37532,5.76447,15.3982,32.2219,23.018,0,76.4026,76.4026,24128000,24976,0
rlnc16,32,40,parity_first,4,101,batch,0.1,32,32,1,0.002415,4.26628,1.37532,5.76447,15.3982,32.2219,23.018,0,73.3026,76.4026,24128000,24976,0
rlnc16,32,40,parity_first,4,101,batch,1,32,32,1,0.002415,4.26628,1.37532,5.76447,15.3982,32.2219,23.018,0,70.8121,101.812,24128000,24976,0
rlnc16,32,40,parity_first,4,101,online,0,32,32,1,0.002415,4.26628,1.37532,5.76447,15.3982,32.2219,23.018,0,76.4026,76.4026,24128000,24976,0
rlnc16,32,40,parity_first,4,101,online,0.1,32,32,1,0.002415,4.26628,1.37532,5.76447,15.3982,32.2219,23.018,1.85678,73.3026,76.4026,24128000,24976,0
rlnc16,32,40,parity_first,4,101,online,1,32,32,1,0.002415,4.26628,1.37532,5.76447,15.3982,32.2219,23.018,14.8757,55.9364,86.9364,24128000,24976,0
rlnc16,32,40,parity_first,4,101,online_eager,0,32,32,1,0.002415,4.26628,1.37532,5.77432,18.5031,0.000363,22.7766,0,47.0543,47.0543,24128000,24976,0
rlnc16,32,40,parity_first,4,101,online_eager,0.1,32,32,1,0.002415,4.26628,1.37532,5.77432,18.5031,0.000363,22.7766,2.09758,43.9543,47.0543,24128000,24976,0
rlnc16,32,40,parity_first,4,101,online_eager,1,32,32,1,0.002415,4.26628,1.37532,5.77432,18.5031,0.000363,22.7766,17.9149,23.5396,54.5396,24128000,24976,0
rlnc16,32,40,parity_first,4,102,batch,0,32,32,1,0.003597,4.19954,1.30846,5.7401,15.2079,32.3968,22.9088,0,76.2535,76.2535,24128000,24976,0
rlnc16,32,40,parity_first,4,102,batch,0.1,32,32,1,0.003597,4.19954,1.30846,5.7401,15.2079,32.3968,22.9088,0,73.1535,76.2535,24128000,24976,0
rlnc16,32,40,parity_first,4,102,batch,1,32,32,1,0.003597,4.19954,1.30846,5.7401,15.2079,32.3968,22.9088,0,70.6881,101.688,24128000,24976,0
rlnc16,32,40,parity_first,4,102,online,0,32,32,1,0.003597,4.19954,1.30846,5.7401,15.2079,32.3968,22.9088,0,76.2535,76.2535,24128000,24976,0
rlnc16,32,40,parity_first,4,102,online,0.1,32,32,1,0.003597,4.19954,1.30846,5.7401,15.2079,32.3968,22.9088,1.84279,73.1535,76.2535,24128000,24976,0
rlnc16,32,40,parity_first,4,102,online,1,32,32,1,0.003597,4.19954,1.30846,5.7401,15.2079,32.3968,22.9088,14.6825,56.0056,87.0056,24128000,24976,0
rlnc16,32,40,parity_first,4,102,online_eager,0,32,32,1,0.003597,4.19954,1.30846,5.87214,18.4455,0.000562,22.5428,0,46.8611,46.8611,24128000,24976,0
rlnc16,32,40,parity_first,4,102,online_eager,0.1,32,32,1,0.003597,4.19954,1.30846,5.87214,18.4455,0.000562,22.5428,2.00092,43.7611,46.8611,24128000,24976,0
rlnc16,32,40,parity_first,4,102,online_eager,1,32,32,1,0.003597,4.19954,1.30846,5.87214,18.4455,0.000562,22.5428,17.8579,23.3204,54.3204,24128000,24976,0
rlnc16,32,40,parity_first,4,103,batch,0,32,32,1,0.002234,4.18891,1.30125,5.56335,14.9243,32.1947,23.0628,0,75.7451,75.7451,24128000,24976,0
rlnc16,32,40,parity_first,4,103,batch,0.1,32,32,1,0.002234,4.18891,1.30125,5.56335,14.9243,32.1947,23.0628,0,72.6451,75.7451,24128000,24976,0
rlnc16,32,40,parity_first,4,103,batch,1,32,32,1,0.002234,4.18891,1.30125,5.56335,14.9243,32.1947,23.0628,0,70.3577,101.358,24128000,24976,0
rlnc16,32,40,parity_first,4,103,online,0,32,32,1,0.002234,4.18891,1.30125,5.56335,14.9243,32.1947,23.0628,0,75.7451,75.7451,24128000,24976,0
rlnc16,32,40,parity_first,4,103,online,0.1,32,32,1,0.002234,4.18891,1.30125,5.56335,14.9243,32.1947,23.0628,1.84742,72.6451,75.7451,24128000,24976,0
rlnc16,32,40,parity_first,4,103,online,1,32,32,1,0.002234,4.18891,1.30125,5.56335,14.9243,32.1947,23.0628,14.3973,55.9604,86.9604,24128000,24976,0
rlnc16,32,40,parity_first,4,103,online_eager,0,32,32,1,0.002234,4.18891,1.30125,5.7854,18.2337,0.00025,22.3938,0,46.4131,46.4131,24128000,24976,0
rlnc16,32,40,parity_first,4,103,online_eager,0.1,32,32,1,0.002234,4.18891,1.30125,5.7854,18.2337,0.00025,22.3938,1.99779,43.3131,46.4131,24128000,24976,0
rlnc16,32,40,parity_first,4,103,online_eager,1,32,32,1,0.002234,4.18891,1.30125,5.7854,18.2337,0.00025,22.3938,17.65,23.1518,54.1518,24128000,24976,0
rs16,32,40,insufficient,1,100,batch,0,31,31,0,0.123722,6.54489,1.92035,1.39865,0.017392,0,0,0,1.41604,1.41604,11538944,25168,1
rs16,32,40,insufficient,1,100,batch,0.1,31,31,0,0.123722,6.54489,1.92035,1.39865,0.017392,0,0,0,0.059431,3.05943,11538944,25168,1
rs16,32,40,insufficient,1,100,batch,1,31,31,0,0.123722,6.54489,1.92035,1.39865,0.017392,0,0,0,0.059431,30.0594,11538944,25168,1
rs16,32,40,insufficient,1,100,online,0,31,31,0,0.123722,6.54489,1.92035,1.39865,0.017392,0,0,0,1.41604,1.41604,11538944,25168,1
rs16,32,40,insufficient,1,100,online,0.1,31,31,0,0.123722,6.54489,1.92035,1.39865,0.017392,0,0,0.016831,0.0426,3.0426,11538944,25168,1
rs16,32,40,insufficient,1,100,online,1,31,31,0,0.123722,6.54489,1.92035,1.39865,0.017392,0,0,0.016831,0.0426,30.0426,11538944,25168,1
rs16,32,40,insufficient,1,100,online_eager,0,31,31,0,0.123722,6.54489,1.92035,1.31384,0.021822,0,0,0,1.33566,1.33566,11538944,25168,1
rs16,32,40,insufficient,1,100,online_eager,0.1,31,31,0,0.123722,6.54489,1.92035,1.31384,0.021822,0,0,0.020861,0.048611,3.04861,11538944,25168,1
rs16,32,40,insufficient,1,100,online_eager,1,31,31,0,0.123722,6.54489,1.92035,1.31384,0.021822,0,0,0.020861,0.048611,30.0486,11538944,25168,1
rs16,32,40,insufficient,1,101,batch,0,31,31,0,0.135955,4.10389,1.23212,1.2774,0.017351,0,0,0,1.29475,1.29475,11538944,25168,0
rs16,32,40,insufficient,1,101,batch,0.1,31,31,0,0.135955,4.10389,1.23212,1.2774,0.017351,0,0,0,0.06475,3.06475,11538944,25168,0
rs16,32,40,insufficient,1,101,batch,1,31,31,0,0.135955,4.10389,1.23212,1.2774,0.017351,0,0,0,0.06475,30.0648,11538944,25168,0
rs16,32,40,insufficient,1,101,online,0,31,31,0,0.135955,4.10389,1.23212,1.2774,0.017351,0,0,0,1.29475,1.29475,11538944,25168,0
rs16,32,40,insufficient,1,101,online,0.1,31,31,0,0.135955,4.10389,1.23212,1.2774,0.017351,0,0,0.01681,0.04794,3.04794,11538944,25168,0
rs16,32,40,insufficient,1,101,online,1,31,31,0,0.135955,4.10389,1.23212,1.2774,0.017351,0,0,0.01681,0.04794,30.0479,11538944,25168,0
rs16,32,40,insufficient,1,101,online_eager,0,31,31,0,0.135955,4.10389,1.23212,1.1982,0.020447,0,0,0,1.21865,1.21865,11538944,25168,0
rs16,32,40,insufficient,1,101,online_eager,0.1,31,31,0,0.135955,4.10389,1.23212,1.1982,0.020447,0,0,0.019725,0.043993,3.04399,11538944,25168,0
rs16,32,40,insufficient,1,101,online_eager,1,31,31,0,0.135955,4.10389,1.23212,1.1982,0.020447,0,0,0.019725,0.043993,30.044,11538944,25168,0
rs16,32,40,insufficient,1,102,batch,0,31,31,0,0.050584,4.07876,1.22786,1.31488,0.018755,0,0,0,1.33363,1.33363,11538944,25168,0
rs16,32,40,insufficient,1,102,batch,0.1,31,31,0,0.050584,4.07876,1.22786,1.31488,0.018755,0,0,0,0.062778,3.06278,11538944,25168,0
rs16,32,40,insufficient,1,102,batch,1,31,31,0,0.050584,4.07876,1.22786,1.31488,0.018755,0,0,0,0.062778,30.0628,11538944,25168,0
rs16,32,40,insufficient,1,102,online,0,31,31,0,0.050584,4.07876,1.22786,1.31488,0.018755,0,0,0,1.33363,1.33363,11538944,25168,0
rs16,32,40,insufficient,1,102,online,0.1,31,31,0,0.050584,4.07876,1.22786,1.31488,0.018755,0,0,0.018174,0.044604,3.0446,11538944,25168,0
rs16,32,40,insufficient,1,102,online,1,31,31,0,0.050584,4.07876,1.22786,1.31488,0.018755,0,0,0.018174,0.044604,30.0446,11538944,25168,0
rs16,32,40,insufficient,1,102,online_eager,0,31,31,0,0.050584,4.07876,1.22786,1.29223,0.0222,0,0,0,1.31443,1.31443,11538944,25168,0
rs16,32,40,insufficient,1,102,online_eager,0.1,31,31,0,0.050584,4.07876,1.22786,1.29223,0.0222,0,0,0.021508,0.043853,3.04385,11538944,25168,0
rs16,32,40,insufficient,1,102,online_eager,1,31,31,0,0.050584,4.07876,1.22786,1.29223,0.0222,0,0,0.021508,0.043853,30.0439,11538944,25168,0
rs16,32,40,insufficient,1,103,batch,0,31,31,0,0.076924,4.11597,1.24253,1.33546,0.026428,0,0,0,1.36189,1.36189,11538944,25168,0
rs16,32,40,insufficient,1,103,batch,0.1,31,31,0,0.076924,4.11597,1.24253,1.33546,0.026428,0,0,0,0.068627,3.06863,11538944,25168,0
rs16,32,40,insufficient,1,103,batch,1,31,31,0,0.076924,4.11597,1.24253,1.33546,0.026428,0,0,0,0.068627,30.0686,11538944,25168,0
rs16,32,40,insufficient,1,103,online,0,31,31,0,0.076924,4.11597,1.24253,1.33546,0.026428,0,0,0,1.36189,1.36189,11538944,25168,0
rs16,32,40,insufficient,1,103,online,0.1,31,31,0,0.076924,4.11597,1.24253,1.33546,0.026428,0,0,0.025616,0.043011,3.04301,11538944,25168,0
rs16,32,40,insufficient,1,103,online,1,31,31,0,0.076924,4.11597,1.24253,1.33546,0.026428,0,0,0.025616,0.043011,30.043,11538944,25168,0
rs16,32,40,insufficient,1,103,online_eager,0,31,31,0,0.076924,4.11597,1.24253,1.2219,0.028615,0,0,0,1.25052,1.25052,11538944,25168,0
rs16,32,40,insufficient,1,103,online_eager,0.1,31,31,0,0.076924,4.11597,1.24253,1.2219,0.028615,0,0,0.027623,0.041418,3.04142,11538944,25168,0
rs16,32,40,insufficient,1,103,online_eager,1,31,31,0,0.076924,4.11597,1.24253,1.2219,0.028615,0,0,0.027623,0.041418,30.0414,11538944,25168,0
rlnc16,32,40,insufficient,1,100,batch,0,31,31,0,0.003957,7.78092,1.88895,1.34185,0.027619,0,0,0,1.36947,1.36947,11538944,25168,1
rlnc16,32,40,insufficient,1,100,batch,0.1,31,31,0,0.003957,7.78092,1.88895,1.34185,0.027619,0,0,0,0.070729,3.07073,11538944,25168,1
rlnc16,32,40,insufficient,1,100,batch,1,31,31,0,0.003957,7.78092,1.88895,1.34185,0.027619,0,0,0,0.070729,30.0707,11538944,25168,1
rlnc16,32,40,insufficient,1,100,online,0,31,31,0,0.003957,7.78092,1.88895,1.34185,0.027619,0,0,0,1.36947,1.36947,11538944,25168,1
rlnc16,32,40,insufficient,1,100,online,0.1,31,31,0,0.003957,7.78092,1.88895,1.34185,0.027619,0,0,0.026667,0.044062,3.04406,11538944,25168,1
rlnc16,32,40,insufficient,1,100,online,1,31,31,0,0.003957,7.78092,1.88895,1.34185,0.027619,0,0,0.026667,0.044062,30.0441,11538944,25168,1
rlnc16,32,40,insufficient,1,100,online_eager,0,31,31,0,0.003957,7.78092,1.88895,1.20258,0.030199,0,0,0,1.23278,1.23278,11538944,25168,1
rlnc16,32,40,insufficient,1,100,online_eager,0.1,31,31,0,0.003957,7.78092,1.88895,1.20258,0.030199,0,0,0.029207,0.042229,3.04223,11538944,25168,1
rlnc16,32,40,insufficient,1,100,online_eager,1,31,31,0,0.003957,7.78092,1.88895,1.20258,0.030199,0,0,0.029207,0.042229,30.0422,11538944,25168,1
rlnc16,32,40,insufficient,1,101,batch,0,31,31,0,0.002304,4.1419,1.22418,1.2233,0.026827,0,0,0,1.25012,1.25012,11538944,25168,0
rlnc16,32,40,insufficient,1,101,batch,0.1,31,31,0,0.002304,4.1419,1.22418,1.2233,0.026827,0,0,0,0.067523,3.06752,11538944,25168,0
rlnc16,32,40,insufficient,1,101,batch,1,31,31,0,0.002304,4.1419,1.22418,1.2233,0.026827,0,0,0,0.067523,30.0675,11538944,25168,0
rlnc16,32,40,insufficient,1,101,online,0,31,31,0,0.002304,4.1419,1.22418,1.2233,0.026827,0,0,0,1.25012,1.25012,11538944,25168,0
rlnc16,32,40,insufficient,1,101,online,0.1,31,31,0,0.002304,4.1419,1.22418,1.2233,0.026827,0,0,0.025965,0.041558,3.04156,11538944,25168,0
rlnc16,32,40,insufficient,1,101,online,1,31,31,0,0.002304,4.1419,1.22418,1.2233,0.026827,0,0,0.025965,0.041558,30.0416,11538944,25168,0
rlnc16,32,40,insufficient,1,101,online_eager,0,31,31,0,0.002304,4.1419,1.22418,1.19936,0.029553,0,0,0,1.22891,1.22891,11538944,25168,0
rlnc16,32,40,insufficient,1,101,online_eager,0.1,31,31,0,0.002304,4.1419,1.22418,1.19936,0.029553,0,0,0.028581,0.041418,3.04142,11538944,25168,0
rlnc16,32,40,insufficient,1,101,online_eager,1,31,31,0,0.002304,4.1419,1.22418,1.19936,0.029553,0,0,0.028581,0.041418,30.0414,11538944,25168,0
rlnc16,32,40,insufficient,1,102,batch,0,31,31,0,0.001873,4.1241,1.23542,1.24381,0.026622,0,0,0,1.27043,1.27043,11538944,25168,0
rlnc16,32,40,insufficient,1,102,batch,0.1,31,31,0,0.001873,4.1241,1.23542,1.24381,0.026622,0,0,0,0.067689,3.06769,11538944,25168,0
rlnc16,32,40,insufficient,1,102,batch,1,31,31,0,0.001873,4.1241,1.23542,1.24381,0.026622,0,0,0,0.067689,30.0677,11538944,25168,0
rlnc16,32,40,insufficient,1,102,online,0,31,31,0,0.001873,4.1241,1.23542,1.24381,0.026622,0,0,0,1.27043,1.27043,11538944,25168,0
rlnc16,32,40,insufficient,1,102,online,0.1,31,31,0,0.001873,4.1241,1.23542,1.24381,0.026622,0,0,0.025811,0.041878,3.04188,11538944,25168,0
rlnc16,32,40,insufficient,1,102,online,1,31,31,0,0.001873,4.1241,1.23542,1.24381,0.026622,0,0,0.025811,0.041878,30.0419,11538944,25168,0
rlnc16,32,40,insufficient,1,102,online_eager,0,31,31,0,0.001873,4.1241,1.23542,1.20306,0.029385,0,0,0,1.23244,1.23244,11538944,25168,0
rlnc16,32,40,insufficient,1,102,online_eager,0.1,31,31,0,0.001873,4.1241,1.23542,1.20306,0.029385,0,0,0.028373,0.041838,3.04184,11538944,25168,0
rlnc16,32,40,insufficient,1,102,online_eager,1,31,31,0,0.001873,4.1241,1.23542,1.20306,0.029385,0,0,0.028373,0.041838,30.0418,11538944,25168,0
rlnc16,32,40,insufficient,1,103,batch,0,31,31,0,0.001834,4.14711,1.23723,1.29683,0.027242,0,0,0,1.32408,1.32408,11538944,25168,0
rlnc16,32,40,insufficient,1,103,batch,0.1,31,31,0,0.001834,4.14711,1.23723,1.29683,0.027242,0,0,0,0.069962,3.06996,11538944,25168,0
rlnc16,32,40,insufficient,1,103,batch,1,31,31,0,0.001834,4.14711,1.23723,1.29683,0.027242,0,0,0,0.069962,30.07,11538944,25168,0
rlnc16,32,40,insufficient,1,103,online,0,31,31,0,0.001834,4.14711,1.23723,1.29683,0.027242,0,0,0,1.32407,1.32407,11538944,25168,0
rlnc16,32,40,insufficient,1,103,online,0.1,31,31,0,0.001834,4.14711,1.23723,1.29683,0.027242,0,0,0.02637,0.043592,3.04359,11538944,25168,0
rlnc16,32,40,insufficient,1,103,online,1,31,31,0,0.001834,4.14711,1.23723,1.29683,0.027242,0,0,0.02637,0.043592,30.0436,11538944,25168,0
rlnc16,32,40,insufficient,1,103,online_eager,0,31,31,0,0.001834,4.14711,1.23723,1.27906,0.030588,0,0,0,1.30964,1.30964,11538944,25168,0
rlnc16,32,40,insufficient,1,103,online_eager,0.1,31,31,0,0.001834,4.14711,1.23723,1.27906,0.030588,0,0,0.029626,0.043642,3.04364,11538944,25168,0
rlnc16,32,40,insufficient,1,103,online_eager,1,31,31,0,0.001834,4.14711,1.23723,1.27906,0.030588,0,0,0.029626,0.043642,30.0436,11538944,25168,0
rs16,32,40,invalid_codeword,1,100,batch,0,32,32,0,0.117741,9.46757,4.02189,1.57924,0.74047,8.34906,5.87999,0,16.5488,16.5488,11538944,25168,1
rs16,32,40,invalid_codeword,1,100,batch,0.1,32,32,0,0.117741,9.46757,4.02189,1.57924,0.74047,8.34906,5.87999,0,15.0672,18.1672,11538944,25168,1
rs16,32,40,invalid_codeword,1,100,batch,1,32,32,0,0.117741,9.46757,4.02189,1.57924,0.74047,8.34906,5.87999,0,15.0672,46.0672,11538944,25168,1
rs16,32,40,invalid_codeword,1,100,online,0,32,32,0,0.117741,9.46757,4.02189,1.57924,0.74047,8.34906,5.87999,0,16.5488,16.5488,11538944,25168,1
rs16,32,40,invalid_codeword,1,100,online,0.1,32,32,0,0.117741,9.46757,4.02189,1.57924,0.74047,8.34906,5.87999,0.685607,14.3816,17.4816,11538944,25168,1
rs16,32,40,invalid_codeword,1,100,online,1,32,32,0,0.117741,9.46757,4.02189,1.57924,0.74047,8.34906,5.87999,0.685607,14.3816,45.3816,11538944,25168,1
rs16,32,40,invalid_codeword,1,100,online_eager,0,32,32,0,0.117741,9.46757,4.02189,1.58968,1.26286,2e-05,5.84914,0,8.7017,8.7017,11538944,25168,1
rs16,32,40,invalid_codeword,1,100,online_eager,0.1,32,32,0,0.117741,9.46757,4.02189,1.58968,1.26286,2e-05,5.84914,1.21169,5.94403,9.04403,11538944,25168,1
rs16,32,40,invalid_codeword,1,100,online_eager,1,32,32,0,0.117741,9.46757,4.02189,1.58968,1.26286,2e-05,5.84914,1.22717,5.92855,36.9286,11538944,25168,1
rs16,32,40,invalid_codeword,1,101,batch,0,32,32,0,0.040446,4.23001,1.28244,1.98029,0.911415,7.79502,5.87459,0,16.5613,16.5613,11538944,25168,0
rs16,32,40,invalid_codeword,1,101,batch,0.1,32,32,0,0.040446,4.23001,1.28244,1.98029,0.911415,7.79502,5.87459,0,14.6225,17.7225,11538944,25168,0
rs16,32,40,invalid_codeword,1,101,batch,1,32,32,0,0.040446,4.23001,1.28244,1.98029,0.911415,7.79502,5.87459,0,14.6225,45.6225,11538944,25168,0
rs16,32,40,invalid_codeword,1,101,online,0,32,32,0,0.040446,4.23001,1.28244,1.98029,0.911415,7.79502,5.87459,0,16.5613,16.5613,11538944,25168,0
rs16,32,40,invalid_codeword,1,101,online,0.1,32,32,0,0.040446,4.23001,1.28244,1.98029,0.911415,7.79502,5.87459,0.765649,14.1129,17.2129,11538944,25168,0
rs16,32,40,invalid_codeword,1,101,online,1,32,32,0,0.040446,4.23001,1.28244,1.98029,0.911415,7.79502,5.87459,0.892309,13.7302,44.7302,11538944,25168,0
rs16,32,40,invalid_codeword,1,101,online_eager,0,32,32,0,0.040446,4.23001,1.28244,1.31361,1.11549,5e-05,5.66889,0,8.09803,8.09803,11538944,25168,0
rs16,32,40,invalid_codeword,1,101,online_eager,0.1,32,32,0,0.040446,4.23001,1.28244,1.31361,1.11549,5e-05,5.66889,1.08049,5.74358,8.84358,11538944,25168,0
rs16,32,40,invalid_codeword,1,101,online_eager,1,32,32,0,0.040446,4.23001,1.28244,1.31361,1.11549,5e-05,5.66889,1.08049,5.74357,36.7436,11538944,25168,0
rs16,32,40,invalid_codeword,1,102,batch,0,32,32,0,0.043792,4.15773,1.28161,1.32491,0.611573,7.88977,5.99079,0,15.817,15.817,11538944,25168,0
rs16,32,40,invalid_codeword,1,102,batch,0.1,32,32,0,0.043792,4.15773,1.28161,1.32491,0.611573,7.88977,5.99079,0,14.5334,17.6334,11538944,25168,0
rs16,32,40,invalid_codeword,1,102,batch,1,32,32,0,0.043792,4.15773,1.28161,1.32491,0.611573,7.88977,5.99079,0,14.5334,45.5334,11538944,25168,0
rs16,32,40,invalid_codeword,1,102,online,0,32,32,0,0.043792,4.15773,1.28161,1.32491,0.611573,7.88977,5.99079,0,15.817,15.817,11538944,25168,0
rs16,32,40,invalid_codeword,1,102,online,0.1,32,32,0,0.043792,4.15773,1.28161,1.32491,0.611573,7.88977,5.99079,0.592898,13.9405,17.0405,11538944,25168,0
rs16,32,40,invalid_codeword,1,102,online,1,32,32,0,0.043792,4.15773,1.28161,1.32491,0.611573,7.88977,5.99079,0.592898,13.9405,44.9405,11538944,25168,0
rs16,32,40,invalid_codeword,1,102,online_eager,0,32,32,0,0.043792,4.15773,1.28161,1.339,1.11679,3e-05,5.66293,0,8.11876,8.11876,11538944,25168,0
rs16,32,40,invalid_codeword,1,102,online_eager,0.1,32,32,0,0.043792,4.15773,1.28161,1.339,1.11679,3e-05,5.66293,1.08091,5.73852,8.83852,11538944,25168,0
rs16,32,40,invalid_codeword,1,102,online_eager,1,32,32,0,0.043792,4.15773,1.28161,1.339,1.11679,3e-05,5.66293,1.08091,5.73852,36.7385,11538944,25168,0
rs16,32,40,invalid_codeword,1,103,batch,0,32,32,0,0.038402,4.1498,1.27203,1.3236,0.608511,7.86505,6.00485,0,15.802,15.802,11538944,25168,0
rs16,32,40,invalid_codeword,1,103,batch,0.1,32,32,0,0.038402,4.1498,1.27203,1.3236,0.608511,7.86505,6.00485,0,14.5177,17.6177,11538944,25168,0
rs16,32,40,invalid_codeword,1,103,batch,1,32,32,0,0.038402,4.1498,1.27203,1.3236,0.608511,7.86505,6.00485,0,14.5177,45.5177,11538944,25168,0
rs16,32,40,invalid_codeword,1,103,online,0,32,32,0,0.038402,4.1498,1.27203,1.3236,0.608511,7.86505,6.00485,0,15.802,15.802,11538944,25168,0
rs16,32,40,invalid_codeword,1,103,online,0.1,32,32,0,0.038402,4.1498,1.27203,1.3236,0.608511,7.86505,6.00485,0.590097,13.9276,17.0276,11538944,25168,0
rs16,32,40,invalid_codeword,1,103,online,1,32,32,0,0.038402,4.1498,1.27203,1.3236,0.608511,7.86505,6.00485,0.590097,13.9276,44.9276,11538944,25168,0
rs16,32,40,invalid_codeword,1,103,online_eager,0,32,32,0,0.038402,4.1498,1.27203,1.46357,1.14544,2e-05,5.66839,0,8.27742,8.27742,11538944,25168,0
rs16,32,40,invalid_codeword,1,103,online_eager,0.1,32,32,0,0.038402,4.1498,1.27203,1.46357,1.14544,2e-05,5.66839,1.11092,5.77806,8.87806,11538944,25168,0
rs16,32,40,invalid_codeword,1,103,online_eager,1,32,32,0,0.038402,4.1498,1.27203,1.46357,1.14544,2e-05,5.66839,1.11092,5.77806,36.7781,11538944,25168,0
rlnc16,32,40,invalid_codeword,1,100,batch,0,32,32,0,0.002084,4.58345,1.85581,1.33996,0.615203,7.78664,5.94933,0,15.6911,15.6911,11538944,25360,1
rlnc16,32,40,invalid_codeword,1,100,batch,0.1,32,32,0,0.002084,4.58345,1.85581,1.33996,0.615203,7.78664,5.94933,0,14.3942,17.4942,11538944,25360,1
rlnc16,32,40,invalid_codeword,1,100,batch,1,32,32,0,0.002084,4.58345,1.85581,1.33996,0.615203,7.78664,5.94933,0,14.3942,45.3942,11538944,25360,1
rlnc16,32,40,invalid_codeword,1,100,online,0,32,32,0,0.002084,4.58345,1.85581,1.33996,0.615203,7.78664,5.94933,0,15.6911,15.6911,11538944,25360,1
rlnc16,32,40,invalid_codeword,1,100,online,0.1,32,32,0,0.002084,4.58345,1.85581,1.33996,0.615203,7.78664,5.94933,0.597089,13.7972,16.8972,11538944,25360,1
rlnc16,32,40,invalid_codeword,1,100,online,1,32,32,0,0.002084,4.58345,1.85581,1.33996,0.615203,7.78664,5.94933,0.597089,13.7972,44.7972,11538944,25360,1
rlnc16,32,40,invalid_codeword,1,100,online_eager,0,32,32,0,0.002084,4.58345,1.85581,1.31711,1.09413,3e-05,5.69581,0,8.10708,8.10708,11538944,25360,1
rlnc16,32,40,invalid_codeword,1,100,online_eager,0.1,32,32,0,0.002084,4.58345,1.85581,1.31711,1.09413,3e-05,5.69581,1.06088,5.76797,8.86797,11538944,25360,1
rlnc16,32,40,invalid_codeword,1,100,online_eager,1,32,32,0,0.002084,4.58345,1.85581,1.31711,1.09413,3e-05,5.69581,1.06088,5.76797,36.768,11538944,25360,1
rlnc16,32,40,invalid_codeword,1,101,batch,0,32,32,0,0.002324,4.11814,1.35444,2.71295,1.36132,7.90491,5.92218,0,17.9014,17.9014,11538944,25360,0
rlnc16,32,40,invalid_codeword,1,101,batch,0.1,32,32,0,0.002324,4.11814,1.35444,2.71295,1.36132,7.90491,5.92218,0,15.267,18.367,11538944,25360,0
rlnc16,32,40,invalid_codeword,1,101,batch,1,32,32,0,0.002324,4.11814,1.35444,2.71295,1.36132,7.90491,5.92218,0,15.267,46.267,11538944,25360,0
rlnc16,32,40,invalid_codeword,1,101,online,0,32,32,0,0.002324,4.11814,1.35444,2.71295,1.36132,7.90491,5.92218,0,17.9014,17.9014,11538944,25360,0
rlnc16,32,40,invalid_codeword,1,101,online,0.1,32,32,0,0.002324,4.11814,1.35444,2.71295,1.36132,7.90491,5.92218,1.00846,14.8014,17.9014,11538944,25360,0
rlnc16,32,40,invalid_codeword,1,101,online,1,32,32,0,0.002324,4.11814,1.35444,2.71295,1.36132,7.90491,5.92218,1.27043,13.9966,44.9966,11538944,25360,0
rlnc16,32,40,invalid_codeword,1,101,online_eager,0,32,32,0,0.002324,4.11814,1.35444,1.30698,1.0771,4e-05,5.61739,0,8.00151,8.00151,11538944,25360,0
rlnc16,32,40,invalid_codeword,1,101,online_eager,0.1,32,32,0,0.002324,4.11814,1.35444,1.30698,1.0771,4e-05,5.61739,1.0442,5.69069,8.79069,11538944,25360,0
rlnc16,32,40,invalid_codeword,1,101,online_eager,1,32,32,0,0.002324,4.11814,1.35444,1.30698,1.0771,4e-05,5.61739,1.0442,5.69069,36.6907,11538944,25360,0
rlnc16,32,40,invalid_codeword,1,102,batch,0,32,32,0,0.002715,4.29335,1.28822,1.29059,0.601067,7.81757,6.20202,0,15.9112,15.9112,11538944,25360,0
rlnc16,32,40,invalid_codeword,1,102,batch,0.1,32,32,0,0.002715,4.29335,1.28822,1.29059,0.601067,7.81757,6.20202,0,14.6612,17.7612,11538944,25360,0
rlnc16,32,40,invalid_codeword,1,102,batch,1,32,32,0,0.002715,4.29335,1.28822,1.29059,0.601067,7.81757,6.20202,0,14.6612,45.6612,11538944,25360,0
rlnc16,32,40,invalid_codeword,1,102,online,0,32,32,0,0.002715,4.29335,1.28822,1.29059,0.601067,7.81757,6.20202,0,15.9112,15.9112,11538944,25360,0
rlnc16,32,40,invalid_codeword,1,102,online,0.1,32,32,0,0.002715,4.29335,1.28822,1.29059,0.601067,7.81757,6.20202,0.582712,14.0785,17.1785,11538944,25360,0
rlnc16,32,40,invalid_codeword,1,102,online,1,32,32,0,0.002715,4.29335,1.28822,1.29059,0.601067,7.81757,6.20202,0.582712,14.0785,45.0785,11538944,25360,0
rlnc16,32,40,invalid_codeword,1,102,online_eager,0,32,32,0,0.002715,4.29335,1.28822,1.37583,1.0974,4e-05,5.67991,0,8.15318,8.15318,11538944,25360,0
rlnc16,32,40,invalid_codeword,1,102,online_eager,0.1,32,32,0,0.002715,4.29335,1.28822,1.37583,1.0974,4e-05,5.67991,1.06311,5.7541,8.8541,11538944,25360,0
rlnc16,32,40,invalid_codeword,1,102,online_eager,1,32,32,0,0.002715,4.29335,1.28822,1.37583,1.0974,4e-05,5.67991,1.06311,5.75409,36.7541,11538944,25360,0
rlnc16,32,40,invalid_codeword,1,103,batch,0,32,32,0,0.002244,4.12522,1.26893,1.28964,0.613488,8.1696,6.4227,0,16.4954,16.4954,11538944,25360,0
rlnc16,32,40,invalid_codeword,1,103,batch,0.1,32,32,0,0.002244,4.12522,1.26893,1.28964,0.613488,8.1696,6.4227,0,15.2462,18.3462,11538944,25360,0
rlnc16,32,40,invalid_codeword,1,103,batch,1,32,32,0,0.002244,4.12522,1.26893,1.28964,0.613488,8.1696,6.4227,0,15.2462,46.2462,11538944,25360,0
rlnc16,32,40,invalid_codeword,1,103,online,0,32,32,0,0.002244,4.12522,1.26893,1.28964,0.613488,8.1696,6.4227,0,16.4954,16.4954,11538944,25360,0
rlnc16,32,40,invalid_codeword,1,103,online,0.1,32,32,0,0.002244,4.12522,1.26893,1.28964,0.613488,8.1696,6.4227,0.594984,14.6512,17.7512,11538944,25360,0
rlnc16,32,40,invalid_codeword,1,103,online,1,32,32,0,0.002244,4.12522,1.26893,1.28964,0.613488,8.1696,6.4227,0.594984,14.6512,45.6512,11538944,25360,0
rlnc16,32,40,invalid_codeword,1,103,online_eager,0,32,32,0,0.002244,4.12522,1.26893,1.30952,1.10284,0.000161,5.75268,0,8.1652,8.1652,11538944,25360,0
rlnc16,32,40,invalid_codeword,1,103,online_eager,0.1,32,32,0,0.002244,4.12522,1.26893,1.30952,1.10284,0.000161,5.75268,1.06851,5.82704,8.92704,11538944,25360,0
rlnc16,32,40,invalid_codeword,1,103,online_eager,1,32,32,0,0.002244,4.12522,1.26893,1.30952,1.10284,0.000161,5.75268,1.06851,5.82704,36.827,11538944,25360,0
